47.2222,106.447,2.30391,-5.25707,-22.5311,-73.6539,-1.57966,62.0257,114.364,16.5146,-8.80475,-18.5499,74.3323,1.56437,1
44.5723,110.112,1.71122,-22.0374,-38.91,-74.007,-1.82131,56.0979,105.601,15.6269,-9.87614,-15.7798,73.5622,1.07065,1
44.5065,109.468,2.10001,-19.2238,-36.8783,-73.9499,-1.77491,56.0979,105.601,15.6269,-9.87614,-15.7798,73.5622,1.07065,1
44.7914,108.513,1.41254,-16.8458,-34.1591,-73.8615,-1.73738,56.0979,105.601,15.6269,-9.87614,-15.7798,73.5622,1.07065,1
44.7914,108.513,1.41254,-16.8458,-34.1591,-73.8615,-1.73738,56.0979,105.601,15.6269,-9.87614,-15.7798,73.5622,1.07065,1
44.7914,108.513,1.41254,-16.8458,-34.1591,-73.8615,-1.73738,56.0979,105.601,15.6269,-9.87614,-15.7798,73.5622,1.07065,1
44.7914,108.513,1.41254,-16.8458,-34.1591,-73.8615,-1.73738,56.0979,105.601,15.6269,-9.87614,-15.7798,73.5622,1.07065,1
44.7914,108.513,1.02941,-15.8838,-33.0099,-73.8615,-1.76431,56.0979,105.601,15.6269,-9.87614,-15.7798,73.5622,1.07065,1
45.098,107.549,0.177812,-12.9283,-30.5089,-74.0639,-1.71622,56.0979,105.601,15.6269,-9.87614,-15.7798,73.5622,1.07065,1
45.854,107.299,-0.600774,-10.0502,-27.0332,-73.7423,-1.70611,56.0979,105.601,15.6269,-9.87614,-15.7798,73.5622,1.07065,1
46.1044,106.594,-2.45128,-8.4466,-23.4535,-73.6694,-1.66062,56.0979,105.601,15.6269,-9.87614,-15.7798,73.5622,1.07065,1
46.1222,106.58,-2.78695,-8.56923,-15.9788,-73.6679,-1.65927,56.0979,105.601,15.6269,-9.87614,-15.7798,73.5622,1.07065,1
46.1222,106.58,-2.78695,-8.56923,-15.9788,-73.6679,-1.65927,56.0979,105.601,15.6269,-9.87614,-15.7798,73.5622,1.07065,1
46.1222,106.58,-2.78695,-8.56923,-15.9788,-73.6679,-1.65927,56.0979,105.601,15.6269,-9.87614,-15.7798,73.5622,1.07065,1
46.1222,106.58,-2.78695,-8.56923,-15.9788,-73.6679,-1.65927,56.0979,105.601,15.6269,-9.87614,-15.7798,73.5622,1.07065,1
45.8498,105.737,-3.13184,-7.56564,-7.40601,-73.6384,-1.60618,56.0979,105.601,15.6269,-9.87614,-15.7798,73.5622,1.07065,1
45.877,106.191,-2.21618,-9.95416,-12.5818,-73.6265,-1.64157,56.0979,105.601,15.6269,-9.87614,-15.7798,73.5622,1.07065,1
45.8314,106.333,-2.03459,-11.3137,-14.0205,-73.7063,-1.64955,56.0979,105.601,15.6269,-9.87614,-15.7798,73.5622,1.07065,1
45.8381,106.572,-1.97341,-12.2957,-15.6064,-73.6671,-1.65976,56.0979,105.601,15.6269,-9.87614,-15.7798,73.5622,1.07065,1
45.8381,106.572,-1.97341,-12.2957,-15.6064,-73.6671,-1.65976,56.0979,105.601,15.6269,-9.87614,-15.7798,73.5622,1.07065,1
45.8381,106.572,-1.97341,-12.2957,-15.6064,-73.6671,-1.65976,56.0979,105.601,15.6269,-9.87614,-15.7798,73.5622,1.07065,1
45.8381,106.572,-1.97341,-12.2957,-15.6064,-73.6671,-1.65976,56.0979,105.601,15.6269,-9.87614,-15.7798,73.5622,1.07065,1
45.7977,106.681,-1.81659,-13.053,-16.8006,-73.6786,-1.66739,56.0979,105.601,15.6269,-9.87614,-15.7798,73.5622,1.07065,1
45.7973,106.826,-1.70118,-13.6344,-18.903,-73.6937,-1.67591,56.0979,105.601,15.6269,-9.87614,-15.7798,73.5622,1.07065,1
45.3865,108.147,-1.4354,-17.8892,-30.7692,-73.8264,-1.70373,56.0979,105.601,15.6269,-9.87614,-15.7798,73.5622,1.07065,1
45.2007,109.714,0.308237,-19.6125,-34.6057,-73.972,-1.8475,56.0979,105.601,15.6269,-9.87614,-15.7798,73.5622,1.07065,1
45.1696,109.82,0.659774,-19.6463,-34.9242,-73.9814,-1.843,56.0979,105.601,15.6269,-9.87614,-15.7798,73.5622,1.07065,1
45.1696,109.82,0.659774,-19.6463,-34.9242,-73.9814,-1.843,56.0979,105.601,15.6269,-9.87614,-15.7798,73.5622,1.07065,1
45.1696,109.82,0.659774,-19.6463,-34.9242,-73.9814,-1.843,56.0979,105.601,15.6269,-9.87614,-15.7798,73.5622,1.07065,1
45.0329,109.819,1.06433,-19.5441,-35.3448,-73.9813,-1.83008,56.0979,105.601,15.6269,-9.87614,-15.7798,73.5622,1.07065,1
45.2983,110.06,2.50332,-19.0009,-35.0328,-74.0025,-1.80299,56.0979,105.601,15.6269,-9.87614,-15.7798,73.5622,1.07065,1
45.442,110.051,3.32942,-18.5408,-34.817,-74.0017,-1.77114,56.0979,105.601,15.6269,-9.87614,-15.7798,73.5622,1.07065,1
44.6775,110.196,3.84939,-20.3695,-39.2493,-73.8904,-1.76296,56.0979,105.601,15.6269,-9.87614,-15.7798,73.5622,1.07065,1
44.4934,110.394,3.79324,-20.4306,-39.5429,-74.0313,-1.7772,56.0979,105.601,15.6269,-9.87614,-15.7798,73.5622,1.07065,1
44.4934,110.394,3.79324,-20.4306,-39.5429,-74.0313,-1.7772,56.0979,105.601,15.6269,-9.87614,-15.7798,73.5622,1.07065,1
44.4934,110.394,3.79324,-20.4306,-39.5429,-74.0313,-1.7772,56.0979,105.601,15.6269,-9.87614,-15.7798,73.5622,1.07065,1
44.4934,110.394,3.79324,-20.4306,-39.5429,-74.0313,-1.7772,56.0979,105.601,15.6269,-9.87614,-15.7798,73.5622,1.07065,1
44.5107,110.613,3.61033,-21.2709,-40.9228,-74.0392,-1.79692,56.0979,105.601,15.6269,-9.87614,-15.7798,73.5622,1.07065,1
44.5054,110.984,3.51403,-22.1466,-42.1998,-74.0809,-1.82324,56.0979,105.601,15.6269,-9.87614,-15.7798,73.5622,1.07065,1
44.8795,111.353,3.93844,-23.2178,-42.4209,-74.111,-1.76691,56.0979,105.601,15.6269,-9.87614,-15.7798,73.5622,1.07065,1
44.9755,111.222,3.94324,-22.9606,-40.703,-74.1004,-1.82381,56.0979,105.601,15.6269,-9.87614,-15.7798,73.5622,1.07065,1
45.0463,110.937,3.81031,-22.0904,-37.7312,-74.077,-1.81048,56.0979,105.601,15.6269,-9.87614,-15.7798,73.5622,1.07065,1
45.0463,110.937,3.81031,-22.0904,-37.7312,-74.077,-1.81048,56.0979,105.601,15.6269,-9.87614,-15.7798,73.5622,1.07065,1
45.0463,110.937,3.81031,-22.0904,-37.7312,-74.077,-1.81048,56.0979,105.601,15.6269,-9.87614,-15.7798,73.5622,1.07065,1
45.0439,109.985,2.70575,-18.7591,-32.3168,-73.9959,-1.82855,56.0979,105.601,15.6269,-9.87614,-15.7798,73.5622,1.07065,1
45.6678,107.889,1.36354,-8.68578,-26.1956,-73.8012,-1.69997,56.0979,105.601,15.6269,-9.87614,-15.7798,73.5622,1.07065,1
46.3367,107.658,2.04052,-1.40472,-17.3687,-73.7784,-1.66384,56.0979,105.601,15.6269,-9.87614,-15.7798,73.5622,1.07065,1
46.4775,107.602,3.55339,2.70326,-14.7166,-73.7728,-1.61099,56.0979,105.601,15.6269,-9.87614,-15.7798,73.5622,1.07065,1
46.4775,107.602,3.55339,2.70326,-14.7166,-73.7728,-1.61099,56.0979,105.601,15.6269,-9.87614,-15.7798,73.5622,1.07065,1
46.4775,107.602,3.55339,2.70326,-14.7166,-73.7728,-1.61099,56.0979,105.601,15.6269,-9.87614,-15.7798,73.5622,1.07065,1
46.4775,107.602,3.55339,2.70326,-14.7166,-73.7728,-1.61099,56.0979,105.601,15.6269,-9.87614,-15.7798,73.5622,1.07065,1
46.4775,107.602,3.55339,2.70326,-14.492,-73.7728,-1.61099,56.0979,105.601,15.6269,-9.87614,-15.7798,73.5622,1.07065,1
46.4456,107.728,3.72235,3.37925,-14.0689,-73.7853,-1.61326,56.0979,105.601,15.6269,-9.87614,-15.7798,73.5622,1.07065,1
46.3707,107.904,3.55111,3.00637,-14.3081,-73.8027,-1.6299,56.0979,105.601,15.6269,-9.87614,-15.7798,73.5622,1.07065,1
45.5695,107.925,1.79086,-7.27538,-19.1831,-73.7647,-1.68853,56.0979,105.601,15.6269,-9.87614,-15.7798,73.5622,1.07065,1
45.3271,108.992,2.00106,-13.2843,-25.9222,-73.9065,-1.7484,56.0979,105.601,15.6269,-9.87614,-15.7798,73.5622,1.07065,1
45.3271,108.992,2.00106,-13.2843,-25.9222,-73.9065,-1.7484,56.0979,105.601,15.6269,-9.87614,-15.7798,73.5622,1.07065,1
45.3271,108.992,2.00106,-13.2843,-25.9222,-73.9065,-1.7484,56.0979,105.601,15.6269,-9.87614,-15.7798,73.5622,1.07065,1
45.3271,108.992,2.00106,-13.2843,-25.9222,-73.9065,-1.7484,56.0979,105.601,15.6269,-9.87614,-15.7798,73.5622,1.07065,1
45.435,109.9,2.27801,-17.5708,-31.6462,-73.9884,-1.79613,56.0979,105.601,15.6269,-9.87614,-15.7798,73.5622,1.07065,1
45.2814,110.441,2.22963,-19.6555,-36.1988,-74.0353,-1.83149,56.0979,105.601,15.6269,-9.87614,-15.7798,73.5622,1.07065,1
44.9722,110.985,3.05667,-21.1305,-41.1042,-74.081,-1.83845,56.0979,105.601,15.6269,-9.87614,-15.7798,73.5622,1.07065,1
44.8044,111.264,3.84178,-20.765,-41.304,-74.1038,-1.82982,56.0979,105.601,15.6269,-9.87614,-15.7798,73.5622,1.07065,1
44.8044,111.264,3.84178,-20.765,-41.304,-74.1038,-1.82982,56.0979,105.601,15.6269,-9.87614,-15.7798,73.5622,1.07065,1
44.8044,111.264,3.84178,-20.765,-41.304,-74.1038,-1.82982,56.0979,105.601,15.6269,-9.87614,-15.7798,73.5622,1.07065,1
44.8044,111.264,3.84178,-20.765,-41.304,-74.1038,-1.82982,56.0979,105.601,15.6269,-9.87614,-15.7798,73.5622,1.07065,1
44.7818,111.238,3.75592,-21.0693,-41.3694,-74.1017,-1.83105,56.0979,105.601,15.6269,-9.87614,-15.7798,73.5622,1.07065,1
44.7882,111.585,3.56024,-21.1567,-41.7026,-74.0398,-1.8592,56.0979,105.601,15.6269,-9.87614,-15.7798,73.5622,1.07065,1
44.6633,111.744,3.46124,-21.0618,-41.661,-74.1422,-1.87242,56.0979,105.601,15.6269,-9.87614,-15.7798,73.5622,1.07065,1
44.4643,111.938,2.96457,-21.1118,-41.3972,-74.1254,-1.90097,56.0979,105.601,15.6269,-9.87614,-15.7798,73.5622,1.07065,1
44.4012,111.96,2.92733,-21.1273,-41.4137,-74.1592,-1.90356,56.0979,105.601,15.6269,-9.87614,-15.7798,73.5622,1.07065,1
44.4012,111.96,2.92733,-21.1273,-41.4137,-74.1592,-1.90356,56.0979,105.601,15.6269,-9.87614,-15.7798,73.5622,1.07065,1
44.4012,111.96,2.92733,-21.1273,-41.4137,-74.1592,-1.90356,56.0979,105.601,15.6269,-9.87614,-15.7798,73.5622,1.07065,1
44.4012,111.96,2.92733,-21.1273,-41.4137,-74.1592,-1.90356,56.0979,105.601,15.6269,-9.87614,-15.7798,73.5622,1.07065,1
44.3243,111.957,2.76367,-21.2175,-41.4206,-74.134,-1.90872,56.0979,105.601,15.6269,-9.87614,-15.7798,73.5622,1.07065,1
44.2024,111.891,2.27441,-21.2703,-41.3137,-74.1574,-1.92059,56.0979,105.601,15.6269,-9.87614,-15.7798,73.5622,1.07065,1
44.0078,111.802,0.801054,-21.3257,-40.823,-74.1477,-1.96241,56.0979,105.601,15.6269,-9.87614,-15.7798,73.5622,1.07065,1
44.0187,111.856,0.884012,-21.5872,-41.335,-74.151,-1.96314,56.0979,105.601,15.6269,-9.87614,-15.7798,73.5622,1.07065,1
44.0187,111.856,0.884012,-21.5872,-41.335,-74.151,-1.96314,56.0979,105.601,15.6269,-9.87614,-15.7798,73.5622,1.07065,1
44.0187,111.856,0.884012,-21.5872,-41.335,-74.151,-1.96314,56.0979,105.601,15.6269,-9.87614,-15.7798,73.5622,1.07065,1
44.0187,111.856,0.884012,-21.5872,-41.335,-74.151,-1.96314,56.0979,105.601,15.6269,-9.87614,-15.7798,73.5622,1.07065,1
44.0495,111.821,1.27693,-22.2431,-42.5011,-74.1483,-1.94841,56.0979,105.601,15.6269,-9.87614,-15.7798,73.5622,1.07065,1
44.404,112.105,1.13536,-24.7415,-44.3097,-74.1704,-1.9707,56.0979,105.601,15.6269,-9.87614,-15.7798,73.5622,1.07065,1
44.6527,112.536,-0.0712611,-25.6728,-44.0716,-74.2031,-2.03349,56.0979,105.601,15.6269,-9.87614,-15.7798,73.5622,1.07065,1
44.5993,112.739,-0.462277,-25.9606,-43.7377,-74.2183,-2.04614,56.0979,105.601,15.6269,-9.87614,-15.7798,73.5622,1.07065,1
44.5993,112.739,-0.462277,-25.9606,-43.7377,-74.2183,-2.04614,56.0979,105.601,15.6269,-9.87614,-15.7798,73.5622,1.07065,1
44.5993,112.739,-0.462277,-25.9606,-43.7377,-74.2183,-2.04614,56.0979,105.601,15.6269,-9.87614,-15.7798,73.5622,1.07065,1
44.5993,112.739,-0.462277,-25.9606,-43.7377,-74.2183,-2.04614,56.0979,105.601,15.6269,-9.87614,-15.7798,73.5622,1.07065,1
44.6126,112.774,-0.438199,-25.8267,-43.7161,-74.2209,-2.04834,56.0979,105.601,15.6269,-9.87614,-15.7798,73.5622,1.07065,1
44.5332,112.648,-0.689918,-26.0435,-44.053,-74.2115,-2.04034,56.0979,105.601,15.6269,-9.87614,-15.7798,73.5622,1.07065,1
44.5195,112.853,-1.34226,-26.3682,-43.7704,-74.2267,-2.05277,59.3456,114.734,9.36323,2.36253,14.9682,74.3566,1.85325,1
44.489,113.13,-1.49196,-26.4825,-43.8069,-74.2469,-2.06994,59.1351,114.528,8.47597,-18.0608,-22.311,74.3432,1.87246,1
44.3202,112.896,-1.59374,-26.5446,-43.6676,-74.2299,-2.05523,59.0255,114.345,8.1652,-18.1229,-22.0478,74.3311,1.87222,1
44.3026,112.942,-1.61507,-26.454,-43.6269,-74.2332,-2.05806,58.6439,113.256,8.35678,-17.6538,-21.4816,74.256,1.79809,1
44.3026,112.942,-1.61507,-26.454,-43.6269,-74.2332,-2.05806,58.6439,113.256,8.35678,-17.6538,-21.4816,74.256,1.79809,1
44.3026,112.942,-1.61507,-26.454,-43.6269,-74.2332,-2.05806,58.6439,113.256,8.35678,-17.6538,-21.4816,74.256,1.79809,1
44.2376,112.717,-1.57054,-26.1833,-43.3236,-74.2167,-2.01652,58.6439,113.256,8.35678,-17.6538,-21.4816,74.256,1.79809,1
44.3832,112.831,-1.30903,-25.9925,-42.9274,-74.2231,-2.05141,58.6439,113.256,8.35678,-17.6538,-21.4816,74.256,1.79809,1
44.2354,112.771,-1.19641,-25.9453,-42.5728,-74.2136,-2.04816,58.5769,112.611,8.55757,-17.4038,-21.2318,74.2088,1.75367,1
44.2836,112.72,-1.30033,-26.0534,-42.6114,-74.2169,-2.04447,58.1024,111.073,8.58303,-17.3008,-20.7972,74.0882,1.65512,1
49.3176,-12.1996,159.992,152.811,121.611,62.5638,-9.40733,66.2763,9.16332,136.954,126.054,108.422,-46.0703,6.38608,2
50.9029,-15.1847,159.838,152.536,119.362,63.7799,-9.39375,66.5497,-1.75266,136.294,125.27,106.367,-56.3739,6.72136,2
50.8388,-15.9995,159.838,152.781,119.098,64.0967,-9.56815,66.316,4.76611,136.63,125.59,106.474,-50.7565,6.54713,2
50.5689,-16.0883,159.838,152.697,118.822,64.0589,-9.39375,66.2746,6.50007,136.614,125.679,106.415,-49.362,6.47867,2
50.5719,-14.9019,159.838,152.513,118.602,63.6672,-9.39375,66.3674,2.49471,136.096,125.147,105.755,-52.9481,6.58099,2
50.5719,-14.9019,159.838,152.513,118.602,63.6672,-9.39375,66.381,2.49471,136.096,125.147,105.755,-52.9843,6.58099,2
50.5719,-14.9019,159.838,152.513,118.602,63.6672,-9.39375,66.381,2.49471,136.096,125.147,105.755,-52.9843,6.58099,2
50.5719,-14.9019,159.838,152.513,118.602,63.6672,-9.39375,66.3783,2.81809,135.958,125.079,105.701,-52.7032,6.54797,2
50.5789,-13.4577,159.986,152.48,118.465,63.0682,-9.40685,66.3297,2.62298,135.763,124.799,105.478,-52.8734,6.53101,2
50.6239,-10.8747,159.91,152.633,118.413,61.8926,-9.40013,66.3136,4.38369,135.969,125.107,105.595,-51.2716,6.483,2
50.4462,-13.0616,159.762,152.562,118.302,62.8969,-9.38701,66.4485,-1.0711,136.025,125.183,105.864,-55.854,6.68526,2
50.2525,-13.8329,159.514,152.458,117.961,63.2277,-9.36487,66.4844,-2.5952,136.038,125.239,105.946,-56.9925,6.68691,2
50.2525,-13.8329,159.514,152.458,117.961,63.2277,-9.36487,66.4844,-2.5952,136.038,125.239,105.946,-56.9925,6.68691,2
50.2525,-13.8329,159.514,152.458,117.961,63.2277,-9.36487,66.4844,-2.5952,136.038,125.239,105.946,-56.9925,6.68691,2
50.2525,-13.8329,159.514,152.458,117.961,63.2277,-9.36487,66.4331,-2.2516,135.982,125.199,105.947,-56.7434,6.67945,2
50.331,-13.2745,159.615,152.528,118.005,62.9894,-9.37391,66.2198,1.01791,136.078,125.327,105.855,-54.2091,6.65758,2
50.2684,-13.5093,159.297,152.464,117.772,63.0903,-9.30434,66.2014,1.44229,136.127,125.12,105.427,-53.8668,6.63306,2
50.4171,-10.7482,158.265,152.21,117.234,61.6341,-9.25136,65.8031,7.60774,136.135,124.979,105.106,-47.9143,6.35303,2
50.5619,-8.0098,158.244,152.263,117.074,60.4118,-9.24941,65.8031,7.60774,136.135,124.979,105.106,-47.9143,6.35303,2
50.5619,-8.0098,158.244,152.263,117.074,60.4118,-9.24941,65.8031,7.60774,136.135,124.979,105.106,-47.9143,6.35303,2
50.5619,-8.0098,158.244,152.263,117.074,60.4118,-9.24941,65.8031,7.60774,136.135,124.979,105.106,-47.9143,6.35303,2
50.5619,-8.0098,158.244,152.263,117.074,60.4118,-9.24941,65.8031,7.60774,136.135,124.979,105.106,-47.9143,6.35303,2
50.5445,-7.525,158.209,152.26,116.966,60.1408,-9.24619,65.7192,8.9398,136.196,124.932,104.981,-46.3451,6.3001,2
50.5643,-7.64058,158.128,152.24,116.833,60.204,-9.23868,65.8651,7.5822,136.149,124.808,104.933,-47.9433,6.35605,2
50.5094,-12.0104,158.194,152.188,116.871,62.4268,-9.24479,66.1868,0.576919,136.268,125.174,105.259,-54.5569,6.69139,2
50.2894,-15.0693,158.528,152.37,116.711,63.7341,-9.34824,66.0754,3.37552,136.088,125.369,105.705,-52.2071,6.53979,2
50.2112,-14.8498,158.608,152.476,116.852,63.6462,-9.28297,65.906,5.14803,136.064,125.369,105.688,-50.5278,6.45594,2
50.2112,-14.8498,158.608,152.476,116.852,63.6462,-9.28297,65.906,5.14803,136.064,125.369,105.688,-50.5278,6.45594,2
50.2112,-14.8498,158.608,152.476,116.852,63.6462,-9.28297,65.906,5.14803,136.064,125.369,105.688,-50.5278,6.45594,2
50.2112,-14.8498,158.608,152.476,116.852,63.6462,-9.28297,65.8466,8.46581,136.038,125.406,105.697,-46.9167,6.30153,2
50.1276,-14.6145,158.434,152.431,116.714,63.5511,-9.267,65.8587,5.34251,135.766,124.992,105.029,-50.3337,6.40819,2
50.2823,-12.0916,157.853,152.268,116.232,62.3356,-9.21309,65.7306,7.66609,135.615,124.691,104.515,-47.8479,6.2834,2
50.4278,-9.01395,157.51,152.31,116.099,60.9537,-9.11225,65.7876,7.51386,135.687,124.664,104.421,-48.0206,6.29964,2
50.4515,-8.15931,157.545,152.327,116.076,60.4942,-9.18425,65.7876,7.51386,135.687,124.664,104.421,-48.0206,6.29964,2
50.4515,-8.15931,157.545,152.327,116.076,60.4942,-9.18425,65.7876,7.51386,135.687,124.664,104.421,-48.0206,6.29964,2
50.4515,-8.15931,157.545,152.327,116.076,60.4942,-9.18425,65.7876,7.51386,135.687,124.664,104.421,-48.0206,6.29964,2
50.4515,-8.15931,157.545,152.327,116.076,60.4942,-9.18425,65.7876,7.51386,135.687,124.664,104.421,-48.0206,6.29964,2
50.3697,-8.48093,157.653,152.352,116.145,60.7001,-9.19434,65.9437,2.9003,135.828,124.811,104.646,-52.6309,6.52707,2
49.9713,-10.4777,157.702,152.172,115.848,61.6991,-9.19897,65.7683,7.65025,135.965,125.054,104.964,-47.8776,6.32928,2
49.9233,-11.0238,157.683,151.979,115.46,62.0758,-9.19721,65.6868,6.65523,135.837,124.781,104.593,-48.9681,6.35796,2
49.9876,-12.643,157.374,152.032,115.2,62.7125,-9.16809,65.6303,7.96571,135.896,124.632,104.326,-47.5038,6.30612,2
49.9876,-12.643,157.374,152.032,115.2,62.7125,-9.16809,65.6303,7.96571,135.896,124.632,104.326,-47.5038,6.30612,2
49.9876,-12.643,157.374,152.032,115.2,62.7125,-9.16809,65.6303,7.96571,135.896,124.632,104.326,-47.5038,6.30612,2
49.9876,-12.643,157.374,152.032,115.2,62.7125,-9.16809,65.6303,7.96571,135.896,124.632,104.326,-47.5038,6.30612,2
49.9876,-12.643,157.314,151.948,115.095,62.7125,-9.01881,65.5311,9.00731,135.762,124.206,103.855,-46.2407,6.24172,2
50.2705,-10.5928,156.836,151.918,114.825,61.0626,-9.11687,65.5082,9.82339,135.704,123.899,103.392,-45.2388,6.19731,2
49.8475,-13.3087,156.924,152.142,114.873,63.0042,-9.12533,65.1225,6.1871,134.99,123.032,101.638,-49.4663,6.26869,2
49.9674,0.291541,153.773,151.314,113.711,54.7777,-8.79627,64.7082,12.9089,134.647,122.414,100.94,-40.9225,5.92512,2
49.9674,0.291541,153.773,151.314,113.711,54.7777,-8.79627,64.7082,12.9089,134.647,122.414,100.94,-40.9225,5.92512,2
49.9674,0.291541,153.773,151.314,113.711,54.7777,-8.79627,64.7082,12.9089,134.647,122.414,100.94,-40.9225,5.92512,2
49.9751,0.046483,153.718,151.367,113.805,54.9648,-8.8341,64.662,13.786,134.578,122.405,101.039,-39.5551,5.87745,2
49.9523,-0.0880621,153.561,151.357,113.845,55.0873,-8.79081,64.5754,17.5195,134.84,122.635,101.238,-32.827,5.74415,2
49.9521,0.208091,153.638,151.414,113.926,54.8417,-8.78706,64.5196,20.891,134.831,122.697,101.317,-25.749,5.59294,2
49.9875,0.0460338,153.662,151.437,113.962,54.9651,-8.79866,64.5317,20.9438,134.83,122.712,101.337,-25.6671,5.59054,2
49.9875,0.0460338,153.662,151.437,113.962,54.9651,-8.79866,64.5317,20.9438,134.83,122.712,101.337,-25.6671,5.59054,2
49.9875,0.0460338,153.662,151.437,113.962,54.9651,-8.79866,64.5317,20.9438,134.83,122.712,101.337,-25.6671,5.59054,2
49.9875,0.0460338,153.662,151.437,113.962,54.9651,-8.79866,64.5317,20.9438,134.83,122.712,101.337,-25.6671,5.59054,2
49.9875,0.0460338,153.662,151.437,113.962,54.9651,-8.79866,64.536,21.3062,134.848,122.767,101.392,-24.8191,5.57648,2
50.0533,-0.130725,153.828,151.62,114.11,55.0917,-8.81836,64.6419,16.9665,134.786,122.631,101.312,-34.0125,5.76209,2
50.1634,-3.6423,153.459,151.691,114.147,57.7759,-8.78032,64.6131,5.66279,134.541,122.193,101.409,-50.0094,6.233,2
50.6144,-10.1961,152.38,151.055,113.449,61.5596,-8.66742,64.8862,2.03249,134.556,122.335,101.243,-53.3779,6.39617,2
50.5946,-10.8492,152.349,151.023,113.45,61.8803,-8.66409,64.8862,2.03249,134.556,122.335,101.243,-53.3779,6.39617,2
50.5946,-10.8492,152.349,151.023,113.45,61.8803,-8.66409,64.8862,2.03249,134.556,122.335,101.243,-53.3779,6.39617,2
50.5946,-10.8492,152.349,151.023,113.45,61.8803,-8.66409,64.8862,2.03249,134.556,122.335,101.243,-53.3779,6.39617,2
55.6119,-7.15445,-4.04093,152.93,112.396,59.4973,4.98763,61.5274,-3.12153,5.83339,121.385,110.782,-57.366,-5.1556,3
55.8328,-10.0269,-6.45368,152.412,111.996,61.4749,4.96848,61.0834,-6.83119,2.66768,120.185,109.974,-59.7419,-5.07788,3
56.0924,-10.7935,-6.37341,152.344,111.953,61.8533,4.95726,60.9963,-6.39406,3.08913,120.285,110.104,-59.4836,-5.08917,3
56.1057,-13.1507,-4.94204,152.516,111.931,62.9357,4.98151,61.2522,-7.25249,3.50748,120.438,109.863,-59.9857,-5.10009,3
56.1057,-13.1507,-4.94204,152.516,111.931,62.9357,4.98151,61.2522,-7.25249,3.50748,120.438,109.863,-59.9857,-5.10009,3
56.1057,-13.1507,-4.94204,152.516,111.931,62.9357,4.98151,61.2522,-7.25249,3.50748,120.438,109.863,-59.9857,-5.10009,3
56.1057,-13.1507,-4.94204,152.516,111.931,62.9357,4.98151,61.2522,-7.25249,3.50748,120.438,109.863,-59.9857,-5.10009,3
55.9976,-12.3036,-3.26586,152.638,112.083,62.5603,4.99192,61.9943,-11.0436,5.70409,121.269,108.846,-61.9739,-5.15275,3
55.7391,-8.92215,-1.334,153.047,112.466,60.9052,4.99865,61.7608,-3.77177,7.52265,121.827,108.331,-57.8142,-5.19027,3
55.5208,-7.58594,-0.0514121,153.477,112.851,60.1752,5.00248,61.4867,-2.71399,8.168,121.934,108.467,-57.0777,-5.20223,3
55.5459,-7.41417,-0.17966,153.441,112.869,60.078,4.99998,61.4867,-2.71399,8.168,121.934,108.467,-57.0777,-5.20223,3
55.5459,-7.41417,-0.17966,153.441,112.869,60.078,4.99998,61.4867,-2.71399,8.168,121.934,108.467,-57.0777,-5.20223,3
55.5459,-7.41417,-0.17966,153.441,112.869,60.078,4.99998,61.4867,-2.71399,8.168,121.934,108.467,-57.0777,-5.20223,3
55.5459,-7.41417,-0.17966,153.441,112.869,60.078,4.99998,61.4867,-2.71399,8.168,121.934,108.467,-57.0777,-5.20223,3
55.5535,-7.42369,-0.308434,153.393,112.841,60.0834,4.99993,61.3861,-0.89215,6.82617,121.597,108.547,-55.7145,-5.17656,3
55.8382,-9.29234,-2.40059,153.048,112.648,61.1313,4.99563,61.3351,-5.60663,3.53245,120.903,109.133,-59.0852,-5.10073,3
55.9764,-10.5832,-2.78467,153.033,112.687,61.7508,4.99412,61.421,-5.40393,4.30421,121.02,109.132,-58.8782,-5.1201,3
55.981,-10.9324,-2.56582,153.185,112.861,61.9204,4.99501,61.5008,-5.27255,4.74863,121.112,109.143,-58.7956,-5.13082,3
55.981,-10.9324,-2.56582,153.185,112.861,61.9204,4.99501,61.5008,-5.27255,4.74863,121.112,109.143,-58.7956,-5.13082,3
55.981,-10.9324,-2.56582,153.185,112.861,61.9204,4.99501,61.5008,-5.27255,4.74863,121.112,109.143,-58.7956,-5.13082,3
55.981,-10.9324,-2.56582,153.185,112.861,61.9204,4.99501,61.5008,-5.27255,4.74863,121.112,109.143,-58.7956,-5.13082,3
55.981,-10.9324,-2.56582,153.185,112.861,61.9204,4.99501,61.5008,-5.26179,4.88172,121.134,109.137,-58.8277,-5.13396,3
55.7606,-8.46493,-1.35773,153.843,113.365,60.6606,5.06986,62.026,-8.25557,9.08741,122.215,109.142,-60.5886,-5.21803,3
55.6437,-8.66346,-0.863597,153.864,113.248,60.7675,4.99943,61.7569,-4.57393,10.1637,122.64,109.182,-58.3477,-5.23464,3
55.6405,-7.81275,-1.07193,153.714,113.097,60.3024,4.99913,61.5639,-2.35032,11.0142,122.789,108.985,-56.8154,-5.24631,3
55.6418,-6.718,-2.2555,153.654,113.029,59.6755,4.99615,61.5639,-2.35032,11.0142,122.789,108.985,-56.8154,-5.24631,3
55.6418,-6.718,-2.2555,153.654,113.029,59.6755,4.99615,61.5639,-2.35032,11.0142,122.789,108.985,-56.8154,-5.24631,3
55.6418,-6.718,-2.2555,153.654,113.029,59.6755,4.99615,61.5639,-2.35032,11.0142,122.789,108.985,-56.8154,-5.24631,3
55.6418,-6.718,-2.2555,153.654,113.029,59.6755,4.99615,61.5639,-2.35032,11.0327,122.775,108.944,-56.6609,-5.24655,3
55.7381,-11.1925,-5.3275,153.317,113.452,62.0449,4.97851,61.104,-7.88614,6.06117,121.252,110.421,-60.3433,-5.16056,3
55.7842,-11.7747,-5.08816,153.331,113.905,62.3183,4.9804,60.6641,-8.6774,5.3193,120.622,111.151,-60.7491,-5.1441,3
56.0744,-13.2855,-5.69739,153.151,113.033,62.9941,4.97543,60.7757,-10.7543,5.53245,120.556,110.988,-61.7713,-5.14892,3
56.1412,-14.5193,-5.68316,153.18,112.784,63.5123,4.97555,60.9532,-11.0193,5.46269,120.687,110.617,-61.9622,-5.14735,3
56.1412,-14.5193,-5.68316,153.18,112.784,63.5123,4.97555,60.9532,-11.0193,5.46269,120.687,110.617,-61.9622,-5.14735,3
56.1412,-14.5193,-5.68316,153.18,112.784,63.5123,4.97555,60.9532,-11.0193,5.46269,120.687,110.617,-61.9622,-5.14735,3
56.1412,-14.5193,-5.68316,153.18,112.784,63.5123,4.97555,60.9532,-11.0193,5.46269,120.687,110.617,-61.9622,-5.14735,3
56.1055,-14.4418,-5.17174,153.138,112.551,63.4806,4.97975,61.5901,-13.1975,5.95823,121.167,108.991,-62.9561,-5.15833,3
55.7211,-11.8274,-2.65601,153.374,112.658,62.3426,4.99466,61.6325,-6.28056,8.45098,122.057,108.845,-59.4157,-5.20725,3
55.3731,-9.79997,-1.43374,153.556,112.908,61.3603,4.99844,61.4574,-2.77868,9.74025,122.365,109.011,-57.1238,-5.22835,3
55.7202,-9.42501,-2.47498,153.117,112.573,61.1682,4.99536,61.4819,-2.95402,7.86305,121.846,108.896,-57.2482,-5.19667,3
55.8256,-9.32418,-2.69572,153.062,112.465,61.116,4.99449,61.4819,-2.95402,7.86305,121.846,108.896,-57.2482,-5.19667,3
55.8256,-9.32418,-2.69572,153.062,112.465,61.116,4.99449,61.4819,-2.95402,7.86305,121.846,108.896,-57.2482,-5.19667,3
55.8256,-9.32418,-2.69572,153.062,112.465,61.116,4.99449,61.4819,-2.95402,7.86305,121.846,108.896,-57.2482,-5.19667,3
55.8256,-9.32418,-2.69572,153.062,112.465,61.116,4.99449,61.3675,-5.42249,5.48308,121.336,109.288,-58.8898,-5.19547,3
56.2565,-12.0593,-5.46747,152.843,112.541,62.4492,4.92998,61.0011,-9.4995,4.85615,120.88,110.501,-61.2067,-5.13336,3
56.2061,-11.8556,-5.49452,152.775,112.465,62.3557,4.97714,60.9609,-8.45393,5.52377,120.934,110.285,-60.6908,-5.14873,3
56.2646,-13.1656,-4.87359,152.752,112.304,62.9422,4.98201,61.2267,-9.68814,5.45076,121.222,109.907,-61.3034,-5.14708,3
56.2353,-13.3832,-4.38151,152.824,112.404,63.0363,4.98546,61.2267,-9.68814,5.45076,121.222,109.907,-61.3034,-5.14708,3
56.2353,-13.3832,-4.38151,152.824,112.404,63.0363,4.98546,61.2267,-9.68814,5.45076,121.222,109.907,-61.3034,-5.14708,3
56.2353,-13.3832,-4.38151,152.824,112.404,63.0363,4.98546,61.2267,-9.68814,5.45076,121.222,109.907,-61.3034,-5.14708,3
56.2353,-13.3832,-4.38151,152.824,112.404,63.0363,4.98546,61.2267,-9.68814,5.45076,121.222,109.907,-61.3034,-5.14708,3
56.1817,-13.2224,-4.27252,152.871,112.497,62.9668,4.98617,61.3454,-10.3793,5.4921,121.433,109.72,-61.6506,-5.14801,3
55.9746,-10.8963,-3.50483,153.198,112.768,61.9054,4.9907,61.3985,-12.3606,6.29362,122.018,109.228,-62.586,-5.16553,3
55.1805,-8.30989,-1.77865,153.898,113.447,60.529,4.9976,60.4985,-5.71685,8.01224,122.902,109.078,-59.0727,-5.4036,3
55.1621,-7.65754,-1.69155,154.075,113.524,60.2155,4.99783,60.2126,-2.19497,7.94219,122.862,108.61,-56.7121,-5.19813,3
55.563,-9.20377,-4.12417,153.758,113.775,61.0533,4.98712,60.0251,-3.24486,5.96302,122.352,108.821,-57.4521,-5.15843,3
55.563,-9.20377,-4.12417,153.758,113.775,61.0533,4.98712,60.0251,-3.24486,5.96302,122.352,108.821,-57.4521,-5.15843,3
55.563,-9.20377,-4.12417,153.758,113.775,61.0533,4.98712,60.0251,-3.24486,5.96302,122.352,108.821,-57.4521,-5.15843,3
55.6283,-10.2808,-4.40273,153.723,114.277,61.7821,4.98532,59.8442,-5.98909,4.21779,121.591,109.271,-59.4249,-5.11798,3
55.8256,-11.7841,-5.34717,153.358,114.044,62.3226,4.97835,59.7385,-7.41676,4.54662,121.194,109.558,-60.0794,-5.12599,3
55.9469,-12.0122,-5.29887,153.211,113.749,62.3383,4.97874,59.8279,-8.89409,4.57517,121.111,109.469,-60.8904,-5.12667,3
55.9224,-12.4286,-4.72283,153.533,114.172,62.6166,4.98311,60.1461,-10.5629,4.80056,121.416,108.815,-61.7409,-5.13205,3
55.8159,-12.3271,-4.21561,153.809,114.22,62.5709,4.98654,60.1461,-10.5629,4.80056,121.416,108.815,-61.7409,-5.13205,3
55.8159,-12.3271,-4.21561,153.809,114.22,62.5709,4.98654,60.1461,-10.5629,4.80056,121.416,108.815,-61.7409,-5.13205,3
55.8159,-12.3271,-4.21561,153.809,114.22,62.5709,4.98654,60.1461,-10.5629,4.80056,121.416,108.815,-61.7409,-5.13205,3
55.8159,-12.3271,-4.21561,153.809,114.22,62.5709,4.98654,60.1461,-10.6911,5.17024,121.477,108.566,-61.7621,-5.14068,3
55.719,-11.7546,-3.43328,153.928,113.992,62.309,4.99107,60.1667,-10.0657,6.49922,121.815,107.887,-61.4944,-5.16984,3
55.4173,-8.44305,-1.05401,154.496,114.211,60.6488,4.99916,59.5252,-5.78976,6.92781,122.208,107.257,-59.1176,-5.17862,3
55.1943,-7.34878,-0.174837,154.775,114.291,60.0407,4.99998,59.6663,-4.85372,7.29487,122.26,107.253,-58.5289,-5.18588,3
55.6716,-8.4591,-1.8306,153.15,112.21,60.6575,4.99746,59.8794,-2.50682,7.18624,121.838,106.721,-56.9288,-5.18375,3
55.6716,-8.4591,-1.8306,153.15,112.21,60.6575,4.99746,59.8794,-2.50682,7.18624,121.838,106.721,-56.9288,-5.18375,3
55.6716,-8.4591,-1.8306,153.15,112.21,60.6575,4.99746,59.8794,-2.50682,7.18624,121.838,106.721,-56.9288,-5.18375,3
55.6716,-8.4591,-1.8306,153.15,112.21,60.6575,4.99746,59.8794,-2.50682,7.18624,121.838,106.721,-56.9288,-5.18375,3
55.7637,-10.7402,-2.26533,152.459,111.55,61.754,4.99611,60.1159,-3.35979,6.21526,121.504,106.54,-57.6358,-5.16386,3
55.7467,-11.659,-2.74884,152.586,111.845,62.2645,4.99428,60.1128,-3.28,5.93237,121.48,107.314,-57.4766,-5.15777,3
55.708,-11.556,-2.22404,152.863,112.165,62.2164,4.99684,60.6164,-3.99428,8.18575,122.292,107.931,-57.9643,-5.20255,3
55.7859,-11.3772,-1.59123,153.116,112.492,62.1324,4.99808,60.9246,-4.57742,8.90947,122.558,108.278,-58.35,-5.21509,3
55.7859,-11.3772,-1.59123,153.116,112.492,62.1324,4.99808,60.9246,-4.57742,8.90947,122.558,108.278,-58.35,-5.21509,3
55.7859,-11.3772,-1.59123,153.116,112.492,62.1324,4.99808,60.9246,-4.57742,8.90947,122.558,108.278,-58.35,-5.21509,3
55.7859,-11.3772,-1.59123,153.116,112.492,62.1324,4.99808,60.9246,-4.57742,8.90947,122.558,108.278,-58.35,-5.21509,3
55.7859,-11.3772,-1.59123,153.116,112.492,62.1324,4.99808,61.076,-4.93681,9.40382,122.708,108.604,-58.5823,-5.22312,3
55.8089,-10.6714,-0.895165,153.535,113.167,61.8408,4.99939,61.4174,-6.56825,10.8056,123.277,108.902,-59.5872,-5.24356,3
55.5118,-6.73893,1.18938,154.502,114.135,59.6878,5.03609,60.9442,-2.00494,13.4766,123.805,109.086,-56.5619,-5.27273,3
54.8152,-5.58491,2.05556,154.311,113.878,58.991,5.06099,61.0447,0.390986,14.146,124.075,109.398,-54.7012,-5.25428,3
55.0447,-5.91966,1.19347,154.101,113.578,59.1971,5.03621,61.0447,0.390986,14.146,124.075,109.398,-54.7012,-5.25428,3
55.0447,-5.91966,1.19347,154.101,113.578,59.1971,5.03621,61.0447,0.390986,14.146,124.075,109.398,-54.7012,-5.25428,3
55.0447,-5.91966,1.19347,154.101,113.578,59.1971,5.03621,61.0447,0.390986,14.146,124.075,109.398,-54.7012,-5.25428,3
55.0447,-5.91966,1.19347,154.101,113.578,59.1971,5.03621,61.0447,0.390986,14.146,124.075,109.398,-54.7012,-5.25428,3
55.3679,-6.81046,-1.42409,153.582,112.934,59.7297,4.90522,60.534,-5.53065,8.09204,122.353,110.362,-58.9573,-5.20086,3
55.6348,-14.1111,-4.99637,152.793,112.668,63.3441,4.94423,60.0936,-10.2348,6.43893,121.172,111.106,-61.5948,-5.16859,3
55.7263,-14.5697,-4.83195,152.842,112.451,63.5329,4.98232,60.1663,-10.5173,6.28498,120.89,110.659,-61.7185,-5.16534,3
55.761,-15.5735,-4.42556,152.921,112.481,63.9325,4.98517,60.1663,-10.5173,6.28498,120.89,110.659,-61.7185,-5.16534,3
55.761,-15.5735,-4.42556,152.921,112.481,63.9325,4.98517,60.1663,-10.5173,6.28498,120.89,110.659,-61.7185,-5.16534,3
55.761,-15.5735,-4.42556,152.921,112.481,63.9325,4.98517,60.1663,-10.5173,6.28498,120.89,110.659,-61.7185,-5.16534,3
55.761,-15.5735,-4.42556,152.921,112.481,63.9325,4.98517,60.1663,-10.5173,6.28498,120.89,110.659,-61.7185,-5.16534,3
55.6034,-14.5848,-2.60826,153.158,112.645,63.539,4.99485,60.5622,-11.4511,5.7625,121.528,109.136,-62.0112,-5.15404,3
54.8473,-7.54612,0.137091,153.491,113.025,60.0906,5.00427,59.8977,-2.49848,8.58863,122.279,108.25,-56.9228,-5.20964,3
54.3439,-6.03628,1.14032,153.384,112.802,59.2682,5.03464,59.5843,-1.17184,9.37237,122.245,108.179,-56.0523,-5.22262,3
55.0492,-7.19397,-0.259416,152.764,112.067,59.9521,4.99995,59.5924,-0.852114,9.42931,122.204,108.033,-55.6831,-5.22353,3
55.0492,-7.19397,-0.259416,152.764,112.067,59.9521,4.99995,59.5924,-0.852114,9.42931,122.204,108.033,-55.6831,-5.22353,3
55.0492,-7.19397,-0.259416,152.764,112.067,59.9521,4.99995,59.5924,-0.852114,9.42931,122.204,108.033,-55.6831,-5.22353,3
55.0492,-7.19397,-0.259416,152.764,112.067,59.9521,4.99995,59.5924,-0.852114,9.42931,122.204,108.033,-55.6831,-5.22353,3
55.0492,-7.19397,-0.701983,152.682,111.98,60.1128,4.99963,59.6705,0.0792656,8.23494,122.004,107.9,-55.0023,-5.19853,3
55.2053,-11.7422,-3.34349,151.884,111.082,62.3032,4.99153,59.7736,-5.5239,4.44517,120.958,108.52,-58.9683,-5.12353,3
55.0409,-12.4868,-3.75359,151.593,110.943,62.5719,4.98933,60.1803,-4.86794,5.13326,121.27,108.54,-58.5381,-5.13983,3
54.9181,-11.9576,-2.84137,151.875,111.453,62.4026,4.99388,60.6976,-4.59729,6.88624,121.875,108.623,-58.3629,-5.17778,3
54.9324,-12.0698,-2.80275,151.915,111.453,62.454,4.99405,60.6976,-4.59729,6.88624,121.875,108.623,-58.3629,-5.17778,3
54.9324,-12.0698,-2.80275,151.915,111.453,62.454,4.99405,60.6976,-4.59729,6.88624,121.875,108.623,-58.3629,-5.17778,3
74.8198,-11.5818,-15.8541,-1.83935,101.189,62.2285,4.81071,76.4322,-12.0279,-1.41987,20.1511,121.991,-62.4349,-4.99847,4
74.3592,-1.60589,2.51328,3.41514,101.767,56.2634,5.07368,74.9407,16.4835,19.9398,25.7955,118.796,-34.9522,-4.31864,4
74.6159,-1.79018,1.7304,2.80661,101.699,56.4877,5.05178,74.9017,14.8693,18.2303,24.3516,118.753,-37.773,-4.40839,4
75.9389,-9.78099,-8.74667,-1.06823,100.789,61.2662,4.94214,75.4913,-7.48216,2.4948,18.5698,116.702,-60.1165,-5.07317,4
76.3447,-11.681,-12.7831,-1.67253,100.542,62.2747,4.77116,75.4629,-15.0561,-2.52268,22.0574,119.177,-63.7288,-4.99518,4
76.3603,-11.1851,-13.9773,-1.60962,100.637,62.0414,4.85267,75.7709,-15.0473,-2.96953,22.273,119.552,-63.7253,-4.99332,4
76.3603,-11.1851,-13.9773,-1.60962,100.637,62.0414,4.85267,75.7709,-15.0473,-2.96953,22.273,119.552,-63.7253,-4.99332,4
76.3603,-11.1851,-13.9773,-1.60962,100.637,62.0414,4.85267,75.7709,-15.0473,-2.96953,22.273,119.552,-63.7253,-4.99332,4
76.3603,-11.1851,-13.9773,-1.60962,100.637,62.0414,4.85267,75.7709,-15.0473,-2.96953,22.273,119.641,-63.7253,-4.99332,4
76.3614,-11.0916,-13.9916,-1.41829,100.867,61.9968,4.85237,75.8561,-15.2728,-3.15406,22.4224,119.7,-63.8147,-4.99246,4
76.3474,-10.845,-13.2076,-0.375988,101.033,61.9127,4.86839,76.1673,-15.1921,-2.89743,22.556,119.817,-63.7828,-4.99364,4
75.7424,-10.1074,-7.43816,1.79218,101.065,61.5448,4.95813,76.5129,-4.3514,3.02621,23.0088,117.921,-58.2596,-5.0875,4
75.7216,-8.57684,-5.50362,4.67353,102.143,60.721,5.12504,76.9379,1.50821,9.97841,28.5148,121.206,-53.813,-5.13906,4
75.6517,-8.33176,-5.50362,4.67353,102.143,60.5884,4.97707,76.9379,1.50821,9.97841,28.5148,121.206,-53.813,-5.13906,4
75.6517,-8.33176,-5.50362,4.67353,102.143,60.5884,4.97707,76.9379,1.50821,9.97841,28.5148,121.206,-53.813,-5.13906,4
75.6517,-8.33176,-5.50362,4.67353,102.143,60.5884,4.97707,76.9379,1.50821,9.97841,28.5148,121.206,-53.813,-5.13906,4
75.6053,-6.75476,-4.81314,5.55193,102.519,59.6971,4.98246,76.9422,8.58992,13.5078,33.3647,124.006,-46.7684,-4.75074,4
75.7751,-1.50782,-3.05077,7.70288,103.125,56.1892,4.99295,76.3899,16.2634,19.0061,38.2382,127.263,-35.0967,-4.32891,4
75.7943,-1.98596,-3.83181,6.14214,101.636,56.5478,4.98888,75.7821,15.7585,17.0142,33.1307,125.142,-36.842,-4.35618,4
76.2404,-5.41085,-8.62543,5.60981,101.627,58.8825,4.94373,74.543,-0.541016,5.8597,28.2358,123.908,-55.4371,-5.15618,4
76.2404,-5.41085,-8.62543,5.60981,101.627,58.8825,4.94373,74.543,-0.541016,5.8597,28.2358,123.908,-55.4371,-5.15618,4
76.2404,-5.41085,-8.62543,5.60981,101.627,58.8825,4.94373,74.543,-0.541016,5.8597,28.2358,123.908,-55.4371,-5.15618,4
76.2404,-5.41085,-8.62543,5.60981,101.627,58.8825,4.94373,74.543,-0.541016,5.8597,28.2358,123.908,-55.4371,-5.15618,4
76.2404,-5.41085,-8.62543,5.60981,101.627,58.8825,4.94373,74.3965,-2.03016,4.40123,28.2966,123.989,-56.5805,-5.12247,4
76.0554,-6.17239,-10.192,5.0392,101.369,59.3506,4.92149,74.6666,-10.8353,-0.697002,27.735,123.886,-61.8735,-4.99963,4
75.9615,-6.76374,-8.29096,1.3675,100.411,59.7024,4.948,75.1923,-8.27724,3.92276,23.4637,119.38,-60.5587,-5.11065,4
75.9891,-8.64356,-8.0429,1.70198,100.078,60.7568,4.95106,74.6977,-1.35746,7.08182,23.5087,118.176,-56.0746,-5.18169,4
75.9891,-8.64356,-8.0429,1.70198,100.078,60.7568,4.95106,74.6977,-1.35746,7.08182,23.5087,118.176,-56.0746,-5.18169,4
75.9891,-8.64356,-8.0429,1.70198,100.078,60.7568,4.95106,74.6977,-1.35746,7.08182,23.5087,118.176,-56.0746,-5.18169,4
75.9891,-8.64356,-8.0429,1.70198,100.078,60.7568,4.95106,74.6977,-1.35746,7.08182,23.5087,118.176,-56.0746,-5.18169,4
75.9891,-8.64356,-8.0429,1.70198,100.078,60.7568,4.95106,74.6977,-1.35746,7.08182,23.5087,118.176,-56.0746,-5.18169,4
76.1025,-7.73497,-7.86991,2.24735,100.249,60.2589,4.95314,75.097,8.07682,14.9475,28.5973,118.263,-47.3747,-4.79519,4
76.0485,-5.19786,-6.86735,4.15098,100.301,58.7485,4.96431,75.0467,9.04815,16.1668,27.9536,118.208,-46.1669,-4.74527,4
76.238,-7.83617,-7.36886,4.44407,100.352,60.3155,4.95891,75.4933,0.696172,11.9576,24.3843,118.443,-54.4636,-5.21515,4
76.0753,-7.07489,-6.88936,4.52817,100.372,59.8835,4.96408,75.4933,0.696172,11.9576,24.3843,118.443,-54.4636,-5.21515,4
76.0753,-7.07489,-6.88936,4.52817,100.372,59.8835,4.96408,75.4933,0.696172,11.9576,24.3843,118.443,-54.4636,-5.21515,4
76.0753,-7.07489,-6.88936,4.52817,100.372,59.8835,4.96408,75.4933,0.696172,11.9576,24.3843,118.443,-54.4636,-5.21515,4
76.0753,-7.07489,-6.88936,4.52817,100.372,59.8835,4.96408,75.4933,0.696172,11.9576,24.3843,118.443,-54.4636,-5.21515,4
76.0098,-6.66385,-6.83522,4.28408,100.328,59.6436,4.96464,75.4056,-2.95583,4.63247,22.0411,117.557,-57.2495,-4.9057,4
75.8944,-5.51465,-6.87767,3.41131,100.294,58.9473,4.9642,75.711,-6.57538,1.13653,22.0875,118.293,-59.3627,-5.03453,4
75.982,-6.20286,-7.18749,2.84417,100.37,59.369,4.79646,75.7426,-8.23347,0.907006,23.7839,119.607,-60.5348,-5.00682,4
75.8859,-7.50345,-10.2272,4.84111,101.259,60.1286,4.92095,76.1606,-10.5992,0.520194,25.1691,121.154,-61.7587,-5.01605,4
75.6541,-7.79823,-11.4796,5.04703,101.555,60.2943,4.90047,76.1127,-10.8402,0.169055,25.6575,121.383,-61.8759,-5.00526,4
75.6541,-7.79823,-11.4796,5.04703,101.555,60.2943,4.90047,76.1127,-10.8402,0.169055,25.6575,121.383,-61.8759,-5.00526,4
75.6541,-7.79823,-11.4796,5.04703,101.555,60.2943,4.90047,76.1127,-10.8402,0.169055,25.6575,121.383,-61.8759,-5.00526,4
75.6541,-7.79823,-11.4796,5.1203,101.49,60.2943,4.90047,76.1014,-10.9631,0.364132,25.926,121.583,-61.8828,-5.01128,4
75.4912,-7.9642,-11.4835,5.49786,101.827,60.3866,4.9004,76.0939,-11.316,1.27809,26.1545,121.848,-62.1035,-5.03869,4
75.608,-9.07298,-12.2339,2.44179,101.364,61.0228,4.88701,76.0565,-10.3173,5.19713,24.5621,121.356,-61.6199,-5.1413,4
76.3412,-11.3932,-8.43852,-0.631976,100.155,62.14,4.94614,75.8914,2.56679,18.3377,26.3155,119.285,-52.8644,-5.13928,4
75.9315,-6.52356,-4.18957,-1.58283,100.042,59.5607,4.98671,75.4364,11.9763,22.5087,28.2258,119.361,-42.3056,-4.5791,4
75.9315,-6.52356,-4.18957,-1.58283,100.042,59.5607,4.98671,75.4364,11.9763,22.5087,28.2258,119.361,-42.3056,-4.5791,4
75.9315,-6.52356,-4.18957,-1.58283,100.042,59.5607,4.98671,75.4364,11.9763,22.5087,28.2258,119.361,-42.3056,-4.5791,4
75.9315,-6.52356,-4.18957,-1.58283,100.042,59.5607,4.98671,75.4364,11.9763,22.5087,28.9252,119.341,-42.3056,-4.5791,4
75.5293,-3.78185,-0.724093,-1.56884,99.8366,57.821,4.9996,74.5396,18.8362,29.0876,31.5517,119.271,-28.9515,-4.10561,4
75.4271,-3.32488,-0.588888,-0.194122,99.5789,57.5077,4.99974,74.3358,19.6206,29.1595,31.4473,119.399,-28.6257,-4.09337,4
76.6078,-8.38287,-6.8362,-1.37253,99.3103,60.6162,4.96463,73.6254,8.95531,12.0497,21.5184,119.314,-46.3261,-4.7112,4
76.6023,-10.4192,-13.8303,-3.73631,99.1563,61.6703,4.85574,73.5087,0.581474,5.78356,19.7946,119.014,-54.5533,-5.11835,4
76.6023,-10.4192,-13.8303,-3.73631,99.1563,61.6703,4.85574,73.5087,0.581474,5.78356,19.7946,119.014,-54.5533,-5.11835,4
76.6023,-10.4192,-13.8303,-3.73631,99.1563,61.6703,4.85574,73.5087,0.581474,5.78356,19.7946,119.014,-54.5533,-5.11835,4
76.6023,-10.4192,-13.8303,-3.73631,99.1563,61.6703,4.85574,73.5087,0.581474,5.78356,19.7946,119.014,-54.5533,-5.11835,4
76.6023,-10.6816,-15.0748,-3.85921,99.0309,61.6352,4.82876,73.458,-3.20112,3.63168,19.34,119.232,-57.542,-5.10328,4
77.0552,-10.5555,-17.5149,-4.57186,99.2885,61.3321,4.76929,73.5483,-5.82991,1.35365,19.269,119.408,-59.1422,-5.06009,4
76.8548,-10.4555,-18.2393,-4.00692,99.7616,61.6882,4.72966,73.8284,-7.56372,0.0509931,20.9707,120.181,-60.1627,-5.00159,4
76.8525,-11.0308,-15.5938,-4.1892,99.4955,62.0296,4.81684,74.2756,-6.00403,0.649689,20.5071,119.424,-59.3721,-5.01998,4
76.5754,-10.6387,-6.94499,-1.93698,99.2438,61.778,4.9635,74.608,-2.75825,5.53088,22.339,117.926,-57.1093,-5.14889,4
76.5754,-10.6387,-6.94499,-1.93698,99.2438,61.778,4.9635,74.608,-2.75825,5.53088,22.339,117.926,-57.1093,-5.14889,4
76.5754,-10.6387,-6.94499,-1.93698,99.2438,61.778,4.9635,74.608,-2.75825,5.53088,22.339,117.926,-57.1093,-5.14889,4
76.5754,-10.6387,-6.94499,-1.93698,99.2438,61.778,4.9635,74.608,-2.75825,6.02907,22.6533,117.652,-57.1093,-5.15986,4
76.3621,-8.21376,-4.81057,-1.72131,99.1712,60.524,4.98247,74.5745,3.1975,10.2047,23.6823,117.349,-52.3671,-5.03849,4
75.9918,-6.03644,-1.97035,-0.730046,98.9356,59.2683,4.99706,74.4365,13.2396,18.5332,27.6721,118.506,-40.4146,-4.50631,4
76.0513,-5.58311,-1.34612,-1.06719,98.2511,58.9702,4.99863,74.2206,18.434,23.7273,28.0462,120.219,-31.1234,-4.12503,4
77.185,-10.5482,-6.87064,-3.24848,97.6865,61.7337,4.96427,74.0432,13.6153,19.2435,24.5139,119.582,-39.8264,-4.4861,4
77.2047,-10.961,-7.62991,-3.3629,97.6624,61.9342,4.95595,74.0432,13.6153,19.2435,24.5139,119.582,-39.8264,-4.4861,4
77.2047,-10.961,-7.62991,-3.3629,97.6624,61.9342,4.95595,74.0432,13.6153,19.2435,24.5139,119.582,-39.8264,-4.4861,4
77.2047,-10.961,-7.62991,-3.3629,97.6624,61.9342,4.95595,74.0432,13.6153,19.2435,24.5139,119.582,-39.8264,-4.4861,4
77.2017,-11.2924,-8.48987,-3.28352,97.5931,62.149,4.94548,73.9814,8.46306,14.2521,22.4015,117.645,-46.9199,-4.81393,4
76.2207,-11.446,-9.47633,-3.30611,96.6162,62.1649,4.93211,73.9637,3.01826,9.81166,19.7189,113.528,-52.5267,-5.06946,4
75.6758,-10.4554,-9.036,-2.07369,96.2834,61.6881,4.93826,74.1196,2.76137,10.8495,22.7004,114.435,-52.7528,-5.0746,4
75.7948,-9.84562,-9.22845,-0.839875,97.4558,61.484,4.93561,74.9204,2.13457,11.1374,25.0968,116.061,-53.2918,-4.98353,4
76.1576,-9.53037,-9.04771,-0.703337,97.7837,61.2225,4.9381,75.0885,1.89058,11.1374,25.0968,116.061,-53.4969,-5.13192,4
76.1576,-9.53037,-9.04771,-0.703337,97.7837,61.2225,4.9381,75.0885,1.89058,11.1374,25.0968,116.061,-53.4969,-5.13192,4
76.1576,-9.53037,-9.04771,-0.703337,97.7837,61.2225,4.9381,75.0885,1.89058,11.1374,25.0968,116.061,-53.4969,-5.13192,4
76.0899,-9.35694,-8.94206,-0.510599,98.1375,61.3361,4.93953,75.5687,0.874444,10.9311,24.9138,116.148,-54.2264,-5.19155,4
76.8742,-9.18796,-9.09551,-1.00041,98.8637,61.045,4.93744,77.272,-0.380846,9.93487,24.9468,117.134,-55.309,-4.9444,4
77.3277,-7.76399,-8.51551,-2.61411,98.9179,60.0605,4.94515,78.0192,-0.899785,9.75984,21.0433,116.344,-55.7205,-5.22864,4
78.0159,-6.37936,-6.47558,-0.162503,100.364,59.4749,4.96826,77.512,0.437051,10.6839,21.1271,116.082,-54.6655,-5.21508,4
78.0159,-6.37936,-6.47558,-0.162503,100.364,59.4749,4.96826,77.512,0.437051,10.6839,21.1271,116.082,-54.6655,-5.21508,4
78.0159,-6.37936,-6.47558,-0.162503,100.364,59.4749,4.96826,77.512,0.437051,10.6839,21.1271,116.082,-54.6655,-5.21508,4
78.0159,-6.37936,-6.47558,-0.162503,100.364,59.4749,4.96826,77.512,0.437051,10.6839,21.1271,116.082,-54.6655,-5.21508,4
78.0159,-6.37936,-6.47558,-0.162503,100.364,59.4749,4.96826,77.512,0.437051,10.9853,21.1664,116.163,-54.6655,-5.45798,4
77.669,-3.03274,-0.38977,6.58647,101.817,57.3037,4.99988,76.8891,20.0004,19.1504,24.7882,117.415,-27.7952,-4.10863,4
77.6803,9.34919,15.1086,10.792,102.661,45.8392,4.74703,75.7705,29.2918,27.212,30.0401,118.234,-3.27423,-3.57597,4
77.8566,13.1788,20.0843,10.8946,101.895,40.5087,4.46025,74.6494,26.0121,26.028,28.8992,117.969,-12.7198,-3.7642,4
78.1853,9.44714,17.2102,9.11673,101.388,45.7165,4.72688,74.3713,21.5688,24.121,28.0119,117.701,-24.2065,-4.02237,4
78.1853,9.44714,17.2102,9.11673,101.388,45.7165,4.72688,74.3713,21.5688,24.121,28.0119,117.701,-24.2065,-4.02237,4
78.1853,9.44714,17.2102,9.11673,101.388,45.7165,4.72688,74.3713,21.5688,24.121,28.0119,117.701,-24.2065,-4.02237,4
81.0223,-5.38106,-7.34367,-0.650844,97.0785,58.8629,4.95919,73.2109,8.21728,15.6834,23.9521,118.68,-47.0243,-4.79213,4
72.4281,-7.33977,-14.6404,-22.4242,-33.2837,60.0356,4.83844,84.342,-15.0229,-8.17958,-13.1825,-8.58116,-63.8228,-4.94939,5
74.6727,-10.2149,-11.5348,-11.8766,-24.1916,61.4188,4.89951,85.1543,-0.567339,8.41117,6.45806,-3.63239,-55.4581,-5.20655,5
75.1058,-8.51064,-14.0433,-14.6124,-27.6573,60.6853,4.85129,84.4827,-2.55611,2.68637,1.63,-5.6298,-56.9644,-5.07839,5
75.1058,-8.51064,-14.0433,-14.6124,-27.6573,60.6853,4.85129,84.4827,-2.55611,2.68637,1.63,-5.6298,-56.9644,-5.07839,5
75.1058,-8.51064,-14.0433,-14.6124,-27.6573,60.6853,4.85129,84.4827,-2.55611,2.68637,1.63,-5.6298,-56.9644,-5.07839,5
75.1058,-8.51064,-14.0433,-14.6124,-27.6573,60.6853,4.85129,84.4827,-2.55611,2.68637,1.63,-5.6298,-56.9644,-5.07839,5
75.1495,-8.16576,-15.1315,-15.7833,-28.7828,60.4977,4.76779,84.436,-4.31303,-1.11219,-2.7366,-3.2436,-58.1765,-4.99906,5
75.4559,-9.43245,-16.5886,-20.3865,-29.7835,61.1721,4.79289,84.5177,-6.13383,-3.10937,-6.02345,-3.48307,-59.3273,-4.99268,5
75.7467,-10.6905,-16.5853,-20.4887,-28.6262,61.8032,4.79297,84.5477,-7.08095,-3.17733,-5.9673,-4.26907,-59.887,-4.99235,5
75.9561,-11.1303,-16.4883,-19.6979,-27.9769,62.0153,4.79537,84.5477,-7.08095,-3.17733,-5.9673,-4.26907,-59.887,-4.99235,5
75.9561,-11.1303,-16.4883,-19.6979,-27.9769,62.0153,4.79537,84.5477,-7.08095,-3.17733,-5.9673,-4.26907,-59.887,-4.99235,5
75.9561,-11.1303,-16.4883,-19.6979,-27.9769,62.0153,4.79537,84.5477,-7.08095,-3.17733,-5.9673,-4.26907,-59.887,-4.99235,5
75.9561,-11.1303,-16.4883,-19.6979,-27.9769,62.0153,4.79537,84.5477,-7.08095,-3.17733,-5.9673,-4.26907,-59.887,-4.99235,5
76.0021,-12.8418,-16.3018,-17.8457,-26.1504,62.8005,4.7896,84.679,-10.0993,-3.02617,-5.76974,-6.72607,-61.5113,-4.95868,5
75.9832,-15.0121,-15.3405,-15.0998,-23.504,63.7113,4.92587,84.8655,-12.9899,-0.792479,0.0116963,-5.73538,-62.9997,-4.99952,5
76.2733,-16.1453,-14.8439,-13.683,-22.7737,64.1521,4.83394,84.9396,-9.48276,3.59892,4.03648,-4.04698,-61.198,-5.10244,5
76.2386,-16.1841,-14.2606,-12.9527,-22.4964,64.1669,4.84667,84.9019,-8.52845,5.66238,5.10757,-3.68238,-60.6949,-5.15183,5
76.2386,-16.1841,-14.2606,-12.9527,-22.4964,64.1669,4.84667,84.9019,-8.52845,5.66238,5.10757,-3.68238,-60.6949,-5.15183,5
76.2386,-16.1841,-14.2606,-12.9527,-22.4964,64.1669,4.84667,84.9019,-8.52845,5.66238,5.10757,-3.68238,-60.6949,-5.15183,5
76.2386,-16.1841,-14.2606,-12.9527,-22.4964,64.1669,4.84667,84.9019,-8.52845,5.66238,5.10757,-3.68238,-60.6949,-5.15183,5
76.2386,-16.1841,-14.2606,-12.9527,-22.4964,64.1669,4.84667,84.9019,-8.52845,5.87908,5.39994,-3.55743,-60.6949,-5.1566,5
76.3087,-15.5448,-13.5244,-12.0025,-22.508,63.8729,4.86203,84.8406,-7.58398,6.76412,6.22614,-3.221,-60.2626,-5.1753,5
76.5945,-15.2238,-13.3648,-12.7806,-24.4772,63.7954,4.86525,84.6431,-8.32989,5.34171,5.33456,-2.97213,-60.5874,-5.14461,5
75.9583,-12.0861,-17.7127,-20.3975,-34.3035,62.4614,4.76409,83.8703,-9.03721,-3.37393,-3.54697,-6.52428,-61.1668,-4.99138,5
75.8404,-11.4528,-19.4519,-22.2159,-34.5385,62.1681,4.71593,83.7688,-9.03721,-3.37393,-3.54697,-6.52428,-60.966,-4.99138,5
75.8404,-11.4528,-19.4519,-22.2159,-34.5385,62.1681,4.71593,83.7688,-9.03721,-3.37393,-3.54697,-6.52428,-60.966,-4.99138,5
75.8404,-11.4528,-19.4519,-22.2159,-34.5385,62.1681,4.71593,83.7688,-9.03721,-3.37393,-3.54697,-6.52428,-60.966,-4.99138,5
75.8404,-11.4528,-19.4519,-22.2159,-34.5385,62.1681,4.71593,83.7688,-9.03721,-3.37393,-3.54697,-6.52428,-60.966,-4.99138,5
75.7698,-11.1067,-20.401,-23.569,-34.1842,62.004,4.68782,83.6288,-7.99477,-5.38387,-4.36495,-4.52787,-60.6008,-4.97805,5
75.8477,-11,-20.7681,-25.4313,-33.3035,61.9529,4.67661,83.5797,-8.60658,-6.47282,-5.10134,-2.14101,-60.737,-4.96829,5
76.0439,-11.1147,-20.1616,-25.3585,-30.9853,62.0136,4.69504,83.4518,-10.0398,-6.44289,-5.23414,-0.0409024,-61.4814,-4.96858,5
76.2003,-11.5582,-19.1198,-23.9212,-28.1298,62.2175,4.67451,83.6271,-15.0293,-5.63295,-4.71997,-1.97807,-63.62,-4.97598,5
76.3986,-12.2541,-18.8269,-22.9604,-27.4181,62.5379,4.73374,83.6655,-15.0293,-5.63295,-4.71997,-1.97807,-63.7181,-4.97598,5
76.3986,-12.2541,-18.8269,-22.9604,-27.4181,62.5379,4.73374,83.6655,-15.0293,-5.63295,-4.71997,-1.97807,-63.7181,-4.97598,5
76.3986,-12.2541,-18.8269,-22.9604,-27.4181,62.5379,4.73374,83.6655,-15.0293,-5.63295,-4.71997,-1.97807,-63.7181,-4.97598,5
76.3986,-12.2541,-18.8269,-22.9604,-27.4181,62.5379,4.73374,83.6893,-15.8918,-5.36522,-4.1947,-2.82905,-64.0042,-4.9782,5
75.954,-14.6849,-14.905,-14.3935,-19.0347,63.8042,4.83258,84.2376,-14.021,0.0712411,3.58578,-0.80104,-63.3066,-5.00222,5
76.3166,-13.8956,-11.3312,-11.9531,-19.1747,63.2929,4.90302,84.0082,-5.6393,7.14625,8.6184,2.04932,-59.0212,-5.18297,5
76.6812,-13.9651,-9.75702,-10.939,-20.1055,63.2832,4.92804,83.9938,-5.02571,7.91486,8.93711,2.1418,-58.6391,-5.19763,5
76.6812,-13.9651,-9.75702,-10.939,-20.1055,63.2832,4.92804,83.9938,-5.02571,7.91486,8.93711,2.1418,-58.6391,-5.19763,5
76.6812,-13.9651,-9.75702,-10.939,-20.1055,63.2832,4.92804,83.9938,-5.02571,7.91486,8.93711,2.1418,-58.6391,-5.19763,5
76.6812,-13.9651,-9.75702,-10.939,-20.1055,63.2832,4.92804,83.9938,-5.02571,7.91486,8.93711,2.1418,-58.6391,-5.19763,5
76.6812,-13.9651,-9.75702,-10.939,-20.1055,63.2832,4.92804,83.8624,-4.77305,8.22205,9.21853,2.25592,-58.4769,-5.2032,5
77.6797,-14.6067,-9.82424,-11.0756,-20.7964,63.5243,4.92704,83.6584,-4.99755,8.35654,9.79711,2.54363,-58.6211,-5.20559,5
78.6584,-14.634,-9.9537,-11.1589,-21.1537,63.559,4.92511,83.5082,-6.78395,6.5525,8.38288,1.65755,-59.4877,-5.17095,5
79.2636,-13.3826,-10.1666,-13.8867,-25.204,63.036,4.92188,82.6553,-7.74409,0.000395659,1.50647,-4.67493,-60.2641,-5.00001,5
78.9273,-11.5079,-14.3801,-18.9874,-31.5648,62.1939,4.84411,82.3867,-6.86881,-1.0533,-0.352892,-4.70033,-59.7638,-4.99916,5
78.9273,-11.5079,-14.3801,-18.9874,-31.5648,62.1939,4.84411,82.3867,-6.86881,-1.0533,-0.352892,-4.70033,-59.7638,-4.99916,5
78.9273,-11.5079,-14.3801,-18.9874,-31.5648,62.1939,4.84411,82.3867,-6.86881,-1.0533,-0.352892,-4.70033,-59.7638,-4.99916,5
78.9273,-11.5079,-14.3801,-18.9874,-31.5648,62.1939,4.84411,82.3867,-6.86881,-1.0533,-0.609066,-4.48066,-59.7638,-4.99916,5
78.8424,-10.6174,-16.87,-21.7475,-32.3967,61.7676,4.78585,82.2554,-6.03656,-3.45169,-1.46114,-2.46374,-59.2683,-4.99098,5
79.0527,-13.28,-17.1335,-22.2561,-29.2001,63.0592,4.77916,82.5589,-7.76532,-2.4595,-1.34082,-2.6566,-60.1341,-4.99542,5
79.7525,-16.2874,-16.209,-18.7458,-24.9861,64.2301,4.8022,83.0679,-12.4197,-1.83678,-0.659375,-4.84215,-62.6126,-4.99744,5
79.8399,-17.6391,-15.7336,-16.0058,-22.8801,64.6998,4.81356,83.094,-12.4919,-1.63598,-0.0201009,-5.14407,-62.645,-4.99797,5
79.8399,-17.6391,-15.7336,-16.0058,-22.8801,64.6998,4.81356,83.094,-12.4919,-1.63598,-0.0201009,-5.14407,-62.645,-4.99797,5
79.8399,-17.6391,-15.7336,-16.0058,-22.8801,64.6998,4.81356,83.094,-12.4919,-1.63598,-0.0201009,-5.14407,-62.645,-4.99797,5
79.8399,-17.6391,-15.7336,-16.0058,-22.8801,64.6998,4.81356,83.094,-12.4919,-1.63598,-0.0201009,-5.14407,-62.645,-4.99797,5
79.8334,-17.9537,-15.3091,-15.6746,-22.7404,64.8419,4.82343,83.1612,-12.7464,-1.22719,0.877089,-4.77521,-62.7447,-4.99886,5
79.7232,-16.8383,-13.9382,-14.3574,-21.8538,64.4108,4.85349,83.1445,-12.3939,-0.0117281,1.6019,-4.4018,-62.713,-5,5
79.5667,-15.863,-12.6395,-13.1083,-20.8371,64.0629,4.87942,83.1808,-11.0472,1.96409,3.33706,-3.18178,-61.9756,-5.05842,5
79.3392,-15.2227,-12.0439,-12.2247,-20.4368,63.7949,4.89048,83.1125,-10.1102,3.35319,4.1859,-2.45256,-61.5167,-5.09609,5
79.3291,-15.025,-11.9398,-12.1113,-20.3526,63.7164,4.89236,83.1125,-10.1102,3.35319,4.1859,-2.45256,-61.5167,-5.09609,5
79.3291,-15.025,-11.9398,-12.1113,-20.3526,63.7164,4.89236,83.1125,-10.1102,3.35319,4.1859,-2.45256,-61.5167,-5.09609,5
79.3291,-15.025,-11.9398,-12.1113,-20.3526,63.7164,4.89236,83.1125,-10.1102,3.35319,4.1859,-2.45256,-61.5167,-5.09609,5
79.3291,-15.025,-11.9398,-12.1113,-20.3526,63.7164,4.89236,83.0734,-9.8056,3.86002,4.49483,-2.19443,-61.3632,-5.13223,5
79.4485,-14.4696,-10.9949,-11.6516,-22.0191,63.492,4.90867,82.9189,-9.8255,3.26723,4.1742,-2.2359,-61.3322,-5.09385,5
79.1072,-11.8914,-15.0407,-17.5123,-28.386,62.3526,4.82953,82.313,-10.2837,-1.18301,-0.526626,-5.41969,-61.6032,-4.99894,5
79.0338,-10.6167,-16.2916,-20.1796,-28.6703,61.7861,4.80019,81.7651,-9.05873,-3.97985,-3.40796,-6.37877,-60.9773,-4.988,5
79.101,-11.1061,-16.4409,-20.7943,-28.4142,62.0038,4.79653,81.7651,-9.05873,-3.97985,-3.40796,-6.37877,-60.9773,-4.988,5
79.101,-11.1061,-16.4409,-20.7943,-28.4142,62.0038,4.79653,81.7651,-9.05873,-3.97985,-3.40796,-6.37877,-60.9773,-4.988,5
79.101,-11.1061,-16.4409,-20.7943,-28.4142,62.0038,4.79653,81.7651,-9.05873,-3.97985,-3.40796,-6.37877,-60.9773,-4.988,5
79.101,-11.1061,-16.4409,-20.7943,-28.4142,62.0038,4.79653,81.7651,-9.05873,-3.97985,-3.40796,-6.37877,-60.9773,-4.988,5
79.2949,-11.9781,-16.5778,-20.9928,-27.4654,62.412,4.79316,81.4675,-8.29125,-4.64094,-3.92258,-6.29907,-60.5663,-4.98369,5
79.5845,-14.5241,-15.9813,-19.9437,-24.643,63.5143,4.80768,81.3731,-8.12208,-5.18066,-4.09289,-6.43823,-60.5644,-4.97968,5
79.7002,-16.9691,-15.4824,-18.4353,-22.703,64.4587,4.81943,81.6652,-11.6203,-5.16403,-3.72365,-6.66306,-62.2465,-4.97981,5
79.7122,-17.4521,-14.7425,-17.6764,-22.4452,64.6332,4.83619,81.8176,-13.1703,-5.27454,-3.4231,-6.67613,-62.9443,-4.97893,5
79.7122,-17.4521,-14.7425,-17.6764,-22.4452,64.6332,4.83619,81.8176,-13.1703,-5.27454,-3.4231,-6.67613,-62.9443,-4.97893,5
79.7122,-17.4521,-14.7425,-17.6764,-22.4452,64.6332,4.83619,81.8176,-13.1703,-5.27454,-3.4231,-6.67613,-62.9443,-4.97893,5
79.7122,-17.4521,-14.7425,-17.6764,-22.4452,64.6332,4.83619,81.8176,-13.1703,-5.27454,-3.4231,-6.67613,-62.9443,-4.97893,5
79.7122,-17.4521,-14.7425,-17.6764,-22.4187,64.6332,4.83619,81.9443,-13.3744,-5.04337,-2.89752,-6.52022,-63.0324,-4.98074,5
79.6497,-17.8033,-14.0768,-16.5987,-21.7927,64.7577,4.85058,82.3868,-14.0344,-4.10998,-0.962704,-5.5145,-63.3122,-4.98721,5
79.5694,-17.6829,-13.4903,-15.8353,-21.1837,64.7152,4.89816,82.6716,-12.375,-0.757637,1.4443,-3.79448,-62.5925,-4.99957,5
-6.5662,-18.7815,-12.9084,-17.2962,-26.2298,65.0943,4.87426,-7.59916,-10.9712,-3.14283,-5.37743,-13.9676,-61.9391,-4.99252,6
-6.78667,-17.8624,-12.0467,-15.0737,-23.3689,64.6175,4.89043,-5.58118,-8.57708,-0.326823,-2.83914,-10.6906,-60.7211,-4.99992,6
-6.64005,-17.5688,-11.7452,-14.646,-22.9958,64.6748,4.89583,-5.5081,-8.25582,-0.194359,-2.65013,-10.5573,-60.547,-4.99997,6
-6.64005,-17.5688,-11.7452,-14.646,-22.9958,64.6748,4.89583,-5.5081,-8.25582,-0.194359,-2.65013,-10.5573,-60.547,-4.99997,6
-6.64005,-17.5688,-11.7452,-14.646,-22.9958,64.6748,4.89583,-5.5081,-8.25582,-0.194359,-2.65013,-10.5573,-60.547,-4.99997,6
-6.49277,-17.1903,-11.3902,-13.8102,-22.3236,64.5391,4.90201,-5.24456,-7.8235,0.212805,-2.34642,-10.57,-60.3084,-5.00661,6
-6.13974,-16.7319,-10.6775,-12.4905,-21.8846,64.1376,4.91386,-5.12442,-7.3335,0.915711,-1.81931,-10.5608,-60.032,-5.02798,6
-6.00384,-16.5104,-10.4506,-12.1212,-22.053,64.2894,4.91747,-5.03531,-6.74361,1.39295,-1.08946,-10.7501,-59.8845,-5.04205,6
-5.78329,-16.2494,-10.2686,-11.851,-21.9539,64.1915,4.92031,-4.8743,-6.63398,1.49329,-0.926181,-10.7213,-59.626,-5.04496,6
-5.78329,-16.2494,-10.2686,-11.851,-21.9539,64.1915,4.92031,-4.8743,-6.63398,1.49329,-0.926181,-10.7213,-59.626,-5.04496,6
-5.78329,-16.2494,-10.2686,-11.851,-21.9539,64.1915,4.92031,-4.8743,-6.63398,1.49329,-0.926181,-10.7213,-59.626,-5.04496,6
-5.78329,-16.2494,-10.2686,-11.851,-21.9539,64.1915,4.92031,-4.8743,-6.63398,1.49329,-0.926181,-10.7213,-59.626,-5.04496,6
-5.78329,-16.2494,-10.2686,-11.8532,-22.0064,64.1915,4.92031,-4.81454,-6.80012,1.1263,-1.06557,-11.0778,-59.7237,-5.03423,6
-5.71476,-16.1488,-10.2241,-11.6826,-21.8585,64.1535,4.921,-4.78215,-6.6566,1.3146,-0.675513,-11.1375,-59.6394,-5.07852,6
-5.62584,-15.9481,-10.226,-11.5477,-21.5597,64.0771,4.92097,-4.75187,-6.37147,1.46072,-0.475481,-11.1035,-59.4701,-5.04402,6
-5.58721,-15.6917,-9.7792,-11.0488,-20.6871,63.9784,4.95775,-4.73256,-6.04319,1.8604,-0.0866449,-10.5065,-59.2724,-5.05548,6
-5.47845,-15.2887,-9.58364,-10.7751,-20.1274,63.821,4.93056,-4.73256,-6.04319,1.8604,-0.0866449,-10.5065,-59.2724,-5.05548,6
-5.47845,-15.2887,-9.58364,-10.7751,-20.1274,63.821,4.93056,-4.73256,-6.04319,1.8604,-0.0866449,-10.5065,-59.2724,-5.05548,6
-5.47845,-15.2887,-9.58364,-10.7751,-20.1274,63.821,4.93056,-4.73256,-6.04319,1.8604,-0.0866449,-10.5065,-59.2724,-5.05548,6
-5.47845,-15.2887,-9.58364,-10.7751,-20.1274,63.821,4.93056,-4.73256,-6.04319,1.8604,-0.0866449,-10.2975,-59.2724,-5.05548,6
-5.50124,-14.9222,-9.42938,-10.4361,-19.1758,63.6753,4.93278,-4.69714,-5.85336,2.06702,0.239557,-9.64451,-59.1566,-5.07398,6
-5.37206,-14.7842,-8.97818,-8.40549,-18.0165,63.8165,4.93905,-3.65696,-7.76581,0.356346,1.74508,-7.91321,-60.2762,-5.01104,6
-5.25494,-15.0119,-8.85744,-7.51383,-17.4127,63.7112,4.94067,-2.60507,-9.59595,-0.120492,1.75774,-5.15242,-61.2562,-4.92206,6
-4.8864,-14.629,-9.60024,-8.96311,-17.6669,63.557,4.93032,-2.18436,-9.68739,-1.15599,-0.533521,-8.1084,-61.303,-4.99899,6
-4.8108,-14.3926,-9.76591,-9.46296,-17.9938,63.4605,4.9279,-2.09823,-9.57021,-1.23607,-0.509235,-7.96163,-61.243,-4.99884,6
-4.8108,-14.3926,-9.76591,-9.46296,-17.9938,63.4605,4.9279,-2.09823,-9.57021,-1.23607,-0.509235,-7.96163,-61.243,-4.99884,6
-4.8108,-14.3926,-9.76591,-9.46296,-17.9938,63.4605,4.9279,-2.09823,-9.57021,-1.23607,-0.509235,-7.96163,-61.243,-4.99884,6
-4.8108,-14.2469,-9.80775,-9.53313,-18.0498,63.4365,4.92729,-2.00862,-9.4992,-1.32427,-0.271031,-7.77687,-61.2065,-4.99867,6
-4.5857,-14.6002,-9.82612,-9.93363,-18.4396,63.5453,4.92701,-1.8578,-9.28387,-1.24368,-0.285497,-7.48479,-61.095,-4.99883,6
-4.13603,-15.354,-9.1124,-9.26959,-15.5265,63.8467,4.93721,-1.81685,-9.37724,-0.917712,1.51108,-8.90389,-61.1435,-4.99936,6
-4.37154,-13.3665,-5.86203,-6.41628,-14.1557,63.0291,4.97399,-1.5219,-8.2604,0.835002,3.00339,-9.02027,-60.6014,-5.02556,6
-4.57145,-11.8542,-4.39337,-4.94233,-13.654,62.355,4.98538,-1.23383,-7.25812,2.12089,3.75437,-8.47447,-59.9889,-5.06283,6
-4.57145,-11.8542,-4.39337,-4.94233,-13.654,62.355,4.98538,-1.23383,-7.25812,2.12089,3.75437,-8.47447,-59.9889,-5.06283,6
-4.57145,-11.8542,-4.39337,-4.94233,-13.654,62.355,4.98538,-1.23383,-7.25812,2.12089,3.75437,-8.47447,-59.9889,-5.06283,6
-4.57145,-11.8542,-4.39337,-4.94233,-13.654,62.355,4.98538,-1.11934,-6.98086,2.36206,3.52,-8.31962,-59.8291,-5.06953,6
-4.94651,-12.3164,-6.1665,-5.97553,-18.5055,62.5735,4.97121,-0.595004,-8.09834,-0.440399,0.749879,-10.4655,-60.4606,-4.99985,6
-4.73102,-15.7569,-9.33413,-9.7992,-22.6553,64.0036,4.93413,0.175067,-8.35796,-1.45551,0.285509,-9.67192,-60.6026,-4.9984,6
-4.40271,-17.3004,-11.1597,-11.7393,-22.8538,64.5788,4.90592,0.563493,-8.85407,-1.66981,-0.0290527,-10.4246,-60.8692,-4.99789,6
-3.84691,-16.4549,-10.394,-11.7668,-20.7886,64.2687,4.91836,0.563493,-8.85407,-1.66981,-0.0290527,-10.4246,-60.8692,-4.99789,6
-3.84691,-16.4549,-10.394,-11.7668,-20.7886,64.2687,4.91836,0.563493,-8.85407,-1.66981,-0.0290527,-10.4246,-60.8692,-4.99789,6
-3.84691,-16.4549,-10.394,-11.7668,-20.7886,64.2687,4.91836,0.563493,-8.85407,-1.66981,-0.0290527,-10.4246,-60.8692,-4.99789,6
-4.34827,-14.4974,-7.79171,-8.43478,-18.1465,63.5034,4.95407,0.908069,-9.51893,1.23718,2.67014,-9.44343,-61.2167,-5.03749,6
-4.97775,-15.084,-8.58381,-9.93565,-20.9459,63.7399,4.94427,1.52139,-10.2308,0.0299348,1.25864,-10.1066,-61.5769,-5.00094,6
-4.97775,-15.084,-8.58381,-9.93565,-20.9459,63.7399,4.94427,1.52139,-10.2308,0.0299348,1.25864,-10.1066,-61.5769,-5.00094,6
-4.97775,-15.084,-8.58381,-9.93565,-20.9459,63.7399,4.94427,1.52139,-10.2308,0.0299348,1.25864,-10.1066,-61.5769,-5.00094,6
-4.75473,-18.8742,-11.4152,-11.3274,-22.3712,65.1254,4.86701,1.78102,-14.1635,-2.5116,-0.503834,-10.835,-63.3659,-4.99522,6
-4.19506,-18.4535,-10.392,-11.0936,-19.7665,64.9831,4.91839,1.81227,-15.4011,-1.73005,-0.223635,-10.2933,-63.8652,-5.02795,6
-4.69139,-18.1761,-9.07128,-10.5876,-19.3256,64.8877,4.96869,1.39963,-14.2599,-0.314577,0.86842,-9.98346,-63.4058,-4.99993,6
-5.23536,-18.9058,-9.66959,-11.0687,-20.1012,65.136,4.92932,1.34313,-14.2102,-0.3786,0.741642,-10.2265,-63.3852,-4.99989,6
-5.23536,-18.9058,-9.66959,-11.0687,-20.1012,65.136,4.92932,1.34313,-14.2102,-0.3786,0.741642,-10.2265,-63.3852,-4.99989,6
-5.23536,-18.9058,-9.66959,-11.0687,-20.1012,65.136,4.92932,1.34313,-14.2102,-0.3786,0.741642,-10.2265,-63.3852,-4.99989,6
-5.23536,-18.9058,-9.66959,-11.0687,-20.1012,65.136,4.92932,1.34313,-14.2102,-0.3786,0.741642,-10.2265,-63.3852,-4.99989,6
-5.23536,-18.9549,-9.76974,-11.1067,-20.2228,65.1524,4.92785,1.14727,-14.6327,-0.996783,0.093352,-10.7863,-63.5643,-4.99925,6
-5.54988,-19.6277,-10.378,-11.6946,-20.7282,65.3737,4.91861,0.655189,-16.5855,-3.53602,-1.92062,-12.2148,-64.1866,-4.99053,6
-5.50437,-20.6735,-11.5259,-12.7442,-21.5968,65.7046,4.89967,0.575009,-17.0845,-4.31596,-2.84073,-12.6782,-64.5007,-4.96482,6
-4.88403,-20.3404,-11.0806,-12.4375,-21.4619,65.6009,4.90725,0.599245,-17.5374,-4.34256,-3.00605,-12.5655,-64.6636,-4.98572,6
-4.88403,-20.3404,-11.0806,-12.4375,-21.4619,65.6009,4.90725,0.599245,-17.5374,-4.34256,-3.00605,-12.5655,-64.6636,-4.98572,6
-4.88403,-20.3404,-11.0806,-12.4375,-21.4619,65.6009,4.90725,0.599245,-17.5374,-4.34256,-3.00605,-12.5655,-64.6636,-4.98572,6
-4.88403,-20.3404,-11.0806,-12.4375,-21.4619,65.6009,4.90725,0.599245,-17.5374,-4.34256,-3.00605,-12.5655,-64.6636,-4.98572,6
-4.88403,-20.3404,-11.0806,-12.4375,-21.4619,65.6009,4.90725,0.599245,-17.5374,-4.32608,-2.93979,-12.5674,-64.6636,-4.98796,6
-4.73257,-19.9211,-10.6812,-12.1113,-21.2803,65.4482,4.9138,0.513263,-17.4597,-4.25326,-2.88961,-12.5498,-64.6359,-4.96006,6
-4.82792,-18.8109,-9.58911,-11.4945,-20.4477,65.1042,4.93049,0.128816,-17.2406,-3.93676,-2.66298,-12.594,-64.5413,-4.98826,6
-5.63082,-15.0433,-6.16801,-9.08417,-18.1908,63.7237,4.97004,-1.93924,-16.1946,-3.29133,-2.40042,-12.4774,-64.1708,-4.99179,6
-6.45348,-16.9055,-8.24693,-10.4167,-19.1705,64.4355,4.94855,-2.67085,-16.0784,-3.29826,-2.36798,-12.4891,-64.1267,-4.99176,6
-6.63719,-17.6281,-9.04961,-11.209,-19.9028,64.6958,4.93807,-2.67085,-16.0784,-3.29826,-2.36798,-12.4891,-64.1267,-4.99176,6
-6.63719,-17.6281,-9.04961,-11.209,-19.9028,64.6958,4.93807,-2.67085,-16.0784,-3.29826,-2.36798,-12.4891,-64.1267,-4.99176,6
-6.63719,-17.6281,-9.04961,-11.209,-19.9028,64.6958,4.93807,-2.67085,-16.0784,-3.29826,-2.36798,-12.4891,-64.1267,-4.99176,6
-6.95107,-19.1369,-12.0482,-14.0332,-22.0114,65.2129,4.81378,-2.89338,-16.4136,-3.85027,-2.9941,-12.8534,-64.2533,-4.98877,6
-7.29627,-20.2809,-13.3822,-15.3704,-23.4604,65.5822,4.8649,-2.91079,-16.2236,-3.93908,-2.97775,-12.9543,-64.1818,-4.98825,6
-7.31526,-20.164,-13.4693,-15.724,-23.7452,65.5453,4.86314,-3.04746,-16.2874,-3.99318,-3.03212,-13.0957,-64.2059,-4.98792,6
-7.02615,-20.1603,-13.5155,-15.7171,-23.7288,65.5441,4.86221,-3.07331,-16.3384,-4.12852,-3.27009,-13.168,-64.225,-4.98709,6
-7.02615,-20.1603,-13.5155,-15.7171,-23.7288,65.5441,4.86221,-3.07331,-16.3384,-4.12852,-3.27009,-13.168,-64.225,-4.98709,6
-7.02615,-20.1603,-13.5155,-15.7171,-23.7288,65.5441,4.86221,-3.07331,-16.3384,-4.12852,-3.27009,-13.168,-64.225,-4.98709,6
-7.02615,-20.1603,-13.5155,-15.7171,-23.7288,65.5441,4.86221,-3.07331,-16.3384,-4.12852,-3.27009,-13.168,-64.225,-4.98709,6
-7.02615,-20.1603,-13.4232,-15.7093,-23.6902,65.5441,4.84479,-3.06832,-16.1424,-4.08231,-3.22775,-13.0899,-64.1511,-4.98738,6
-6.43282,-19.4959,-12.6433,-15.0153,-23.1973,65.3308,4.87935,-2.39064,-15.9294,-3.76228,-2.88259,-12.7764,-64.0699,-5.03785,6
-6.17969,-18.8894,-11.6963,-14.1845,-22.425,65.1305,4.89669,-2.25471,-15.4552,-3.4803,-2.63588,-12.6939,-63.8753,-4.99083,6
-5.9933,-12.9028,-7.35991,-6.12976,-15.8046,62.8273,4.95901,-1.84451,-8.67833,-0.998155,1.07346,-8.86,-60.7755,-4.99924,6
-4.39665,-16.9029,-6.23789,-9.73885,-17.6294,64.4345,4.97055,-0.285232,-14.687,-2.07474,-0.631224,-10.9089,-63.5805,-4.99674,6
-4.36232,-16.9296,-6.38001,-9.80045,-17.8377,64.4443,4.96919,-0.241886,-14.6467,-2.50529,-1.0157,-10.8091,-63.4898,-4.99524,6
-4.34311,-16.8137,-6.55091,-9.75258,-17.9861,64.4017,4.96752,-0.147805,-14.4408,-2.57532,-1.18424,-10.9444,-63.4802,-4.99497,6
-4.20978,-17.0204,-6.57943,-9.75827,-17.8282,64.4774,4.93766,-0.0155094,-14.176,-2.60957,-1.10281,-10.8454,-63.3711,-4.99484,6
-4.08236,-17.3311,-6.00113,-9.54321,-17.4211,64.5898,4.97274,0.0571493,-13.4829,-2.40366,-1.89561,-11.0448,-63.079,-4.99562,6
-3.94501,-16.7742,-6.03534,-9.50237,-17.4963,64.3872,4.97243,0.386688,-13.4404,-2.72393,-2.04388,-11.1032,-63.1023,-4.99438,6
-3.80225,-16.6223,-5.94561,-9.61329,-17.5624,64.3311,4.97324,0.400827,-13.4084,-2.63109,-1.8824,-11.0387,-63.0471,-4.99475,6
-3.80225,-16.6223,-5.94561,-9.61329,-17.5624,64.3311,4.97324,0.400827,-13.4084,-2.63109,-1.8824,-11.0387,-63.0471,-4.99475,6
-20.627,153.35,159.463,158.141,134.648,-73.5318,-0.370864,-16.9225,148.614,151.572,157.518,147.207,73.9995,0.394179,7
-12.0516,153.904,159.985,159.762,136.716,-73.4191,-0.357552,-13.5085,148.679,151.63,159.531,148.589,73.9899,0.392404,7
-12.5753,154.269,159.985,159.994,136.938,-73.362,-0.336136,-14.4251,148.689,151.686,159.634,148.622,73.9925,0.393614,7
-12.8714,154.378,159.985,159.993,136.951,-73.3579,-0.329728,-14.5869,148.731,151.695,159.642,148.598,73.9886,0.391625,7
-13.1497,154.478,159.985,159.993,137.099,-73.3447,-0.323842,-14.8,148.704,151.627,159.556,148.482,73.9911,0.390982,7
-13.1497,154.478,159.985,159.993,137.099,-73.3447,-0.323842,-14.8237,148.684,151.607,159.536,148.451,73.993,0.391455,7
-13.1497,154.478,159.985,159.993,137.099,-73.3447,-0.323842,-14.8237,148.684,151.607,159.536,148.451,73.993,0.391455,7
-13.1497,154.478,159.985,159.993,137.099,-73.3447,-0.323842,-14.8237,148.684,151.607,159.536,148.451,73.993,0.391455,7
-13.4854,154.574,159.985,159.993,137.207,-73.3321,-0.318228,-15.4552,148.721,151.689,159.6,148.432,73.9895,0.391969,7
-14.315,154.619,159.985,159.993,137.391,-73.326,-0.315536,-16.1386,148.752,151.811,159.675,148.45,73.9866,0.394075,7
-15.7132,154.911,159.985,159.993,137.679,-73.287,-0.262182,-17.1406,148.732,151.921,159.747,148.46,73.9884,0.398597,7
-16.4679,155.001,159.985,159.993,137.766,-73.2748,-0.293122,-17.1406,148.732,151.921,159.747,148.46,73.9884,0.398597,7
-16.4679,155.001,159.985,159.993,137.766,-73.2748,-0.293122,-17.1406,148.732,151.921,159.747,148.46,73.9884,0.398597,7
-16.4679,155.001,159.985,159.993,137.766,-73.2748,-0.293122,-17.1406,148.732,151.921,159.747,148.46,73.9884,0.398597,7
-16.4679,155.001,159.985,159.993,137.766,-73.2748,-0.293122,-17.1406,148.732,151.921,159.747,148.46,73.9884,0.398597,7
-16.9149,155.035,159.985,159.993,137.845,-73.2577,-0.291127,-17.2705,148.731,152.025,159.832,148.502,73.9886,0.401922,7
-17.9593,154.983,159.985,159.993,137.939,-73.2773,-0.294207,-17.4587,148.659,152.052,159.856,148.485,73.9953,0.406766,7
-19.1372,154.802,159.985,159.993,137.803,-73.3016,-0.304804,-17.5982,148.615,152.103,159.883,148.483,73.9994,0.41075,7
-19.6125,154.752,159.985,159.993,137.735,-73.3083,-0.307751,-17.4995,148.511,152.026,159.8,148.399,74.009,0.414097,7
-19.6125,154.752,159.985,159.993,137.735,-73.3083,-0.307751,-17.4995,148.511,152.026,159.8,148.399,74.009,0.414097,7
-19.6125,154.752,159.985,159.993,137.735,-73.3083,-0.307751,-17.4995,148.511,152.026,159.8,148.399,74.009,0.414097,7
-19.6125,154.752,159.985,159.993,137.735,-73.3083,-0.307751,-17.4995,148.511,152.026,159.8,148.399,74.009,0.414097,7
-19.6125,154.752,159.985,159.993,137.735,-73.3083,-0.307751,-17.4202,148.447,151.95,159.733,148.338,74.0149,0.415226,7
-19.8866,154.653,159.985,159.993,137.649,-73.3215,-0.310189,-16.8639,148.139,151.607,159.38,148.066,74.0363,0.421409,7
-18.5225,154.751,159.985,159.993,137.666,-73.2932,-0.307786,-14.5978,148.157,151.437,159.358,148.116,74.0414,0.340285,7
-13.7573,154.628,159.985,159.993,137.705,-73.3249,-0.315052,-11.9235,148.159,151.171,159.31,148.135,74.0411,0.406607,7
-13.7573,154.628,159.985,159.993,137.705,-73.3249,-0.315052,-11.758,148.227,151.227,159.333,148.144,74.035,0.404643,7
-13.7573,154.628,159.985,159.993,137.705,-73.3249,-0.315052,-11.758,148.227,151.227,159.333,148.144,74.035,0.404643,7
-13.7573,154.628,159.985,159.993,137.705,-73.3249,-0.315052,-11.758,148.227,151.227,159.333,148.144,74.035,0.404643,7
-13.7573,154.628,159.985,159.993,137.705,-73.3249,-0.315052,-11.758,148.227,151.227,159.333,148.144,74.035,0.404643,7
-13.0409,154.631,159.985,159.993,137.766,-73.2736,-0.314869,-12.2892,148.27,151.28,159.382,148.183,74.0309,0.403931,7
-13.683,155.088,159.985,159.993,138.185,-73.2629,-0.288,-14.1701,148.393,151.37,159.509,148.259,74.0199,0.400046,7
-16.3656,155.329,159.985,159.993,138.261,-73.2299,-0.263036,-17.8101,147.794,151.022,159.071,147.83,74.1276,0.421923,7
-17.771,155.272,159.985,159.993,138.239,-73.2377,-0.277194,-18.2332,147.667,150.891,158.977,147.73,74.0848,0.424749,7
-17.771,155.272,159.985,159.993,138.239,-73.2377,-0.277194,-18.2332,147.667,150.891,158.977,147.73,74.0848,0.424749,7
-17.771,155.272,159.985,159.993,138.239,-73.2377,-0.277194,-18.2332,147.667,150.891,158.977,147.73,74.0848,0.424749,7
-17.771,155.272,159.985,159.993,138.239,-73.2377,-0.277194,-18.2332,147.667,150.891,158.977,147.73,74.0848,0.424749,7
-17.9275,155.259,159.985,159.993,138.273,-73.2396,-0.277984,-18.4342,147.5,150.783,158.874,147.621,74.1726,0.430505,7
-18.3823,155.261,159.985,159.993,138.163,-73.2392,-0.277836,-18.1519,147.374,150.695,158.737,147.478,74.1101,0.43458,7
-19.0459,155.112,159.985,159.993,138.033,-73.2597,-0.380311,-17.3853,146.885,150.267,158.295,147.061,74.1513,0.447673,7
-19.0438,154.52,159.985,159.993,137.549,-73.3392,-0.321399,-15.1586,146.827,150.079,158.435,147.063,74.2093,0.444865,7
-18.917,154.401,159.985,159.993,137.437,-73.3548,-0.32836,-13.9645,147.001,150.209,158.601,147.262,74.1416,0.439531,7
-18.917,154.401,159.985,159.993,137.437,-73.3548,-0.32836,-13.9645,147.001,150.209,158.601,147.262,74.1416,0.439531,7
-18.917,154.401,159.985,159.993,137.437,-73.3548,-0.32836,-13.9645,147.001,150.209,158.601,147.262,74.1416,0.439531,7
-18.917,154.401,159.985,159.993,137.437,-73.3548,-0.32836,-13.9645,147.001,150.209,158.601,147.262,74.1416,0.439531,7
-18.7204,154.465,159.985,159.993,137.625,-73.2687,-0.322625,-12.8611,147.072,150.222,158.711,147.386,74.1357,0.436066,7
-16.0785,154.817,159.985,159.993,138.12,-73.2997,-0.303953,-11.4572,147.147,150.148,158.875,147.54,74.0164,0.429675,7
-13.2403,155.22,159.985,159.993,139.145,-73.2449,-0.280256,-10.4784,147.47,150.335,159.361,147.986,74.1019,0.396095,7
-13.2842,155.468,159.985,159.993,139.482,-73.2107,-0.265707,-11.9015,147.72,150.58,159.71,148.252,74.0802,0.412112,7
-13.2842,155.468,159.985,159.993,139.482,-73.2107,-0.265707,-12.087,147.774,150.612,159.73,148.264,74.0754,0.410165,7
-13.2842,155.468,159.985,159.993,139.482,-73.2107,-0.265707,-12.087,147.774,150.612,159.73,148.264,74.0754,0.410165,7
-13.2842,155.468,159.985,159.993,139.482,-73.2107,-0.265707,-12.087,147.774,150.612,159.73,148.264,74.0754,0.410165,7
-13.4545,155.537,159.985,159.993,139.522,-73.2011,-0.261672,-15.2095,147.98,150.876,159.951,148.268,74.0572,0.407179,7
-14.7215,156.202,159.985,159.993,139.451,-73.153,-0.222574,-17.6168,147.726,150.603,159.721,148.013,74.1184,0.412528,7
-17.144,156.472,159.985,159.993,139.428,-73.0671,-0.206752,-18.672,147.619,150.431,159.573,147.802,74.089,0.412951,7
-18.2245,156.401,159.985,159.993,139.069,-73.0774,-0.210899,-18.8257,147.602,150.455,159.576,147.819,74.0905,0.414625,7
-18.2245,156.401,159.985,159.993,139.069,-73.0774,-0.210899,-18.8257,147.602,150.455,159.576,147.819,74.0905,0.414625,7
-18.2245,156.401,159.985,159.993,139.069,-73.0774,-0.210899,-18.8257,147.602,150.455,159.576,147.819,74.0905,0.414625,7
-18.2245,156.401,159.985,159.993,139.069,-73.0774,-0.210899,-18.8257,147.602,150.455,159.576,147.819,74.0905,0.414625,7
-18.2245,156.401,159.985,159.993,139.069,-73.0774,-0.210899,-18.8322,147.602,150.459,159.598,147.819,74.0904,0.41472,7
-18.7024,156.051,159.985,159.993,138.506,-73.1282,-0.231447,-18.3783,147.554,150.419,159.544,147.739,74.0946,0.416135,7
-17.7556,155.782,159.985,159.993,137.742,-73.0188,-0.247271,-13.8648,147.348,150.09,159.356,147.507,74.1123,0.417003,7
-17.8086,156.121,159.985,159.993,137.753,-73.1181,-0.227346,-11.7785,147.425,149.977,159.635,147.857,74.1057,0.372858,7
-18.1192,156.746,159.985,159.993,138.399,-73.0265,-0.190652,-11.8856,147.603,150.147,159.934,148.012,74.0904,0.404975,7
-18.1192,156.746,159.985,159.993,138.399,-73.0265,-0.190652,-11.8856,147.603,150.147,159.934,148.012,74.0904,0.404975,7
-18.1192,156.746,159.985,159.993,138.399,-73.0265,-0.190652,-11.8856,147.603,150.147,159.934,148.012,74.0904,0.404975,7
-18.1192,156.746,159.985,159.993,138.399,-73.0265,-0.190652,-11.8856,147.603,150.147,159.934,148.012,74.0904,0.404975,7
-17.4988,157.311,159.985,159.993,139.504,-72.941,-0.157491,-12.5355,147.828,150.306,160,148.238,74.0706,0.397663,7
-16.062,157.778,159.985,159.993,140.302,-72.8683,-0.130068,-16.7744,147.497,150.207,159.926,147.872,74.0996,0.412583,7
-14.0322,157.697,159.985,159.993,140.411,-72.881,-0.134802,-18.6396,147.146,149.846,159.642,147.605,74.1484,0.42032,7
-13.1962,157.681,159.985,159.993,140.479,-72.8835,-0.135738,-18.4718,147.109,149.806,159.605,147.566,74.1326,0.421009,7
-13.1962,157.681,159.985,159.993,140.479,-72.8835,-0.135738,-18.4718,147.109,149.806,159.605,147.566,74.1326,0.421009,7
-13.1962,157.681,159.985,159.993,140.479,-72.8835,-0.135738,-18.4718,147.109,149.806,159.605,147.566,74.1326,0.421009,7
-13.1962,157.681,159.985,159.993,140.479,-72.8835,-0.135738,-18.4718,147.109,149.806,159.605,147.566,74.1326,0.421009,7
-13.0929,157.707,159.985,159.993,140.545,-72.8795,-0.124181,-17.68,147.049,149.717,159.464,147.429,74.1377,0.421501,7
-11.6058,157.527,159.985,159.993,140.873,-72.8232,-0.144798,-12.7282,146.97,149.685,159.677,147.508,74.1443,0.398562,7
-11.1038,157.212,159.985,159.993,141.11,-72.8424,-0.163262,-10.4534,147.092,149.673,159.949,147.752,74.134,0.417776,7
-10.5968,157.097,159.985,159.993,141.216,-72.9737,-0.170065,-9.97387,147.169,149.731,159.963,147.973,74.1276,0.415486,7
-10.5968,157.097,159.985,159.993,141.216,-72.9737,-0.170065,-9.97387,147.169,149.731,159.963,147.973,74.1276,0.415486,7
-10.5968,157.097,159.985,159.993,141.216,-72.9737,-0.170065,-9.97387,147.169,149.731,159.963,147.973,74.1276,0.415486,7
-10.5968,157.097,159.985,159.993,141.216,-72.9737,-0.170065,-9.97387,147.169,149.731,159.963,147.973,74.1276,0.415486,7
-10.5968,157.097,159.985,159.993,141.216,-72.9737,-0.170065,-9.97387,147.169,149.731,159.963,147.948,74.1276,0.415486,7
-10.6706,157.069,159.985,159.993,141.177,-72.9779,-0.171696,-9.68003,147.152,149.698,159.963,147.978,74.129,0.415317,7
-10.7938,157.048,159.985,159.993,141.125,-72.9811,-0.172087,-9.30919,147.12,149.485,159.963,147.967,74.1317,0.410438,7
-13.2874,157.31,159.985,159.993,140.987,-72.9411,-0.210991,-10.443,147.242,149.711,159.963,148.151,74.1214,0.410911,7
-17.2478,157.513,159.985,159.993,140.656,-72.9098,-0.145619,-14.2468,147.61,150.118,159.963,148.197,74.0897,0.403667,7
-17.9503,157.439,159.985,159.993,140.653,-72.9212,-0.149936,-15.2314,147.457,149.969,159.963,148.022,74.103,0.407284,7
-17.9503,157.439,159.985,159.993,140.653,-72.9212,-0.149936,-15.2314,147.457,149.969,159.963,148.022,74.103,0.407284,7
-17.9503,157.439,159.985,159.993,140.653,-72.9212,-0.149936,-15.2314,147.457,149.969,159.963,148.022,74.103,0.407284,7
-18.6668,157.465,159.985,159.993,140.67,-72.9171,-0.14841,-17.6323,147.107,149.729,159.963,147.838,74.1328,0.418724,7
-19.5043,157.273,159.985,159.993,140.475,-72.9467,-0.159683,-18.7493,146.803,149.367,159.876,147.474,74.158,0.423774,7
-19.1813,156.769,159.985,159.993,139.959,-73.0231,-0.189296,-16.5057,146.406,148.896,159.332,147.038,74.2073,0.430353,7
-17.5985,156.759,159.985,159.993,139.842,-73.0245,-0.189884,-15.2412,145.897,148.461,158.927,146.569,74.2304,0.443947,7
-17.5985,156.759,159.985,159.993,139.842,-73.0245,-0.189884,-15.2412,145.897,148.461,158.927,146.569,74.2304,0.443947,7
-17.5985,156.759,159.985,159.993,139.842,-73.0245,-0.189884,-15.2412,145.897,148.461,158.927,146.569,74.2304,0.443947,7
-17.5985,156.759,159.985,159.993,139.842,-73.0245,-0.189884,-15.2412,145.897,148.461,158.927,146.569,74.2304,0.443947,7
-17.5985,156.759,159.985,159.993,139.842,-73.0245,-0.189884,-14.2608,146.024,148.585,159.128,146.714,74.2205,0.441013,7
-13.0789,156.959,159.985,159.993,140.062,-72.9946,-0.128564,-12.2712,145.996,148.627,159.413,147.006,74.2226,0.436975,7
-10.5688,156.551,159.985,159.993,140.512,-73.0554,-0.202109,-11.4285,145.894,148.318,159.53,147.14,74.2305,0.439572,7
50.1608,159.876,159.867,158.914,159.605,-72.5187,-0.00338251,90.5227,151.824,159.923,159.074,159.981,73.6693,0.477693,8
52.1731,150.835,159.703,148.778,127.58,-73.7781,-0.528555,93.791,150.961,158.172,159.074,159.981,73.7645,0.471378,8
52.1731,150.835,159.703,148.778,128.598,-73.7781,-0.528555,93.8465,150.991,158.171,159.074,159.981,73.7613,0.469638,8
52.3611,151.449,159.795,150.231,130.005,-73.7113,-0.495542,93.932,151.117,158.291,159.074,159.981,73.7671,0.466202,8
52.2879,155.037,159.795,159.554,141.645,-73.27,-0.285105,94.5853,151.376,158.555,159.074,159.981,73.7194,0.459668,8
56.1068,159.267,159.795,159.554,150.962,-72.6241,-0.0369782,95.2011,151.47,158.621,159.074,159.981,73.709,0.454767,8
61.1439,159.267,159.795,159.554,153.209,-72.6241,-0.0369787,95.3985,151.509,158.645,159.074,159.981,73.7047,0.454841,8
61.1439,159.267,159.795,159.554,153.209,-72.6241,-0.0369787,95.3985,151.509,158.645,159.074,159.981,73.7047,0.454841,8
61.1439,159.267,159.795,159.554,153.209,-72.6241,-0.0369787,95.3985,151.509,158.645,159.074,159.981,73.7047,0.454841,8
61.1439,159.267,159.795,159.554,153.209,-72.6241,-0.0369787,95.3985,151.509,158.645,159.074,159.981,73.7047,0.454841,8
61.6782,159.267,159.795,159.554,153.351,-72.6241,-0.0369787,95.5461,151.374,158.679,159.074,159.981,73.7195,0.463764,8
61.9232,159.267,159.795,159.554,153.327,-72.6241,-0.036978,95.6409,151.45,158.686,159.074,159.981,73.7112,0.459604,8
61.4543,159.267,159.795,159.554,153.657,-72.6241,-0.0369795,95.6138,151.377,158.891,159.074,159.981,73.7192,0.470423,8
60.9814,159.267,159.795,159.554,154.034,-72.6241,-0.03698,95.6061,151.265,158.979,159.074,159.981,73.7315,0.479813,8
60.9814,159.267,159.795,159.554,154.034,-72.6241,-0.03698,95.6061,151.265,158.979,159.074,159.981,73.7315,0.479813,8
60.9814,159.267,159.795,159.554,154.034,-72.6241,-0.03698,95.6061,151.265,158.979,159.074,159.981,73.7315,0.479813,8
60.9814,159.267,159.795,159.554,154.034,-72.6241,-0.03698,95.6061,151.265,158.979,159.074,159.981,73.7315,0.479813,8
60.9347,159.267,159.795,159.554,154.071,-72.6241,-0.0369802,95.583,151.263,159.027,159.074,159.981,73.7318,0.481505,8
60.6743,159.267,159.795,159.554,154.257,-72.6241,0.0579917,95.5679,151.224,159.094,159.074,159.981,73.736,0.485924,8
60.4622,159.267,159.795,159.554,154.73,-72.6629,-0.0369786,95.5302,151.17,159.36,159.074,159.981,73.5595,0.497747,8
59.1236,159.267,159.795,159.554,155.909,-72.6241,-0.0369797,95.4579,151.072,159.415,159.074,159.981,73.8126,0.505293,8
58.4585,159.267,159.795,159.554,156.523,-72.6241,-0.0369795,95.418,151.066,159.528,159.074,159.981,73.7532,0.509279,8
58.4585,159.267,159.795,159.554,156.523,-72.6241,-0.0369795,95.418,151.066,159.528,159.074,159.981,73.7532,0.509279,8
58.4585,159.267,159.795,159.554,156.523,-72.6241,-0.0369795,95.418,151.066,159.528,159.074,159.981,73.7532,0.509279,8
58.4585,159.267,159.795,159.554,156.523,-72.6241,-0.0369795,95.4475,151.069,159.672,159.074,159.981,73.7529,0.513838,8
58.3236,159.267,159.795,159.554,157.5,-72.6241,-0.0369799,95.2755,151.072,159.861,159.074,159.981,73.7902,0.519807,8
58.2095,159.267,159.795,159.554,158.773,-72.6241,-0.03698,95.3205,151.115,159.995,159.074,159.981,73.7479,0.523169,8
58.0473,159.267,159.795,159.554,159.25,-72.6241,-0.0921167,95.4082,151.18,159.995,159.074,159.981,73.7408,0.517824,8
58.0268,159.267,159.795,159.554,159.25,-72.6241,-0.0369787,95.4082,151.18,159.995,159.074,159.981,73.7408,0.517824,8
58.0268,159.267,159.795,159.554,159.25,-72.6241,-0.0369787,95.4082,151.18,159.995,159.074,159.981,73.7408,0.517824,8
58.0268,159.267,159.795,159.554,159.25,-72.6241,-0.0369787,95.4082,151.18,159.995,159.074,159.981,73.7408,0.517824,8
58.0268,159.267,159.795,159.554,159.25,-72.6241,-0.0369787,95.4082,151.18,159.995,159.074,159.981,73.7408,0.517824,8
57.9813,159.267,159.795,159.554,159.084,-72.6241,-0.0369796,95.4371,151.148,159.995,159.074,159.981,73.7443,0.519714,8
57.8648,159.267,159.795,159.554,158.622,-72.6241,-0.0369793,95.4516,151.099,159.995,159.074,159.981,73.7552,0.523181,8
57.8141,159.267,159.795,159.554,158.544,-72.6221,-0.036979,95.4597,151.032,159.995,159.074,159.981,73.7569,0.52656,8
57.8011,159.267,159.795,159.554,158.566,-72.6241,-0.0369782,95.4668,151.035,159.995,159.074,159.981,73.7565,0.526336,8
57.8011,159.267,159.795,159.554,158.566,-72.6241,-0.0369782,95.4668,151.035,159.995,159.074,159.981,73.7565,0.526336,8
57.8011,159.267,159.795,159.554,158.566,-72.6241,-0.0369782,95.4668,151.035,159.995,159.074,159.981,73.7565,0.526336,8
57.8011,159.267,159.795,159.554,158.566,-72.6241,-0.0369782,95.4668,151.035,159.995,159.074,159.981,73.7565,0.526336,8
57.8011,159.267,159.795,159.554,158.566,-72.6241,-0.0369782,95.4748,151.039,159.995,159.074,159.981,73.7692,0.526098,8
57.755,159.267,159.795,159.554,158.539,-72.6241,-0.0369783,95.4681,151.03,159.995,159.074,159.981,73.7571,0.526648,8
57.5266,159.267,159.795,159.554,158.235,-72.6241,-0.0369802,95.4255,150.981,159.995,159.074,159.981,73.7624,0.529544,8
57.4823,159.267,159.795,159.554,157.937,-72.6241,-0.0369802,95.3908,150.914,159.995,159.074,159.981,73.7696,0.533463,8
57.4823,159.267,159.795,159.554,157.937,-72.6241,-0.0369802,95.3908,150.914,159.995,159.074,159.981,73.7696,0.533463,8
57.4823,159.267,159.795,159.554,157.937,-72.6241,-0.0369802,95.3908,150.914,159.995,159.074,159.981,73.7696,0.533463,8
57.4823,159.267,159.795,159.554,157.937,-72.6241,-0.0369802,95.3908,150.914,159.995,159.074,159.981,73.7696,0.533463,8
57.4823,159.267,159.795,159.554,157.937,-72.6241,-0.0369802,95.3908,150.914,159.995,159.074,159.981,73.7696,0.533463,8
57.4938,159.267,159.795,159.554,157.995,-72.6241,-0.0369787,94.0086,150.19,159.995,159.074,159.981,73.8455,0.575996,8
57.7822,159.267,159.795,159.554,158.936,-74.1243,-0.0369777,91.7826,149.728,159.995,159.074,159.981,73.8922,0.603102,8
57.8848,159.267,159.795,159.554,159.958,-72.6241,-0.0369792,91.2234,149.729,159.995,159.074,159.981,73.8921,0.603068,8
57.8848,159.267,159.795,159.554,159.958,-72.6241,-0.0369792,91.2234,149.729,159.995,159.074,159.981,73.8921,0.603068,8
57.8848,159.267,159.795,159.554,159.958,-72.6241,-0.0369792,91.2234,149.729,159.995,159.074,159.981,73.8921,0.603068,8
57.8848,159.267,159.795,159.554,159.958,-72.6241,-0.0369792,91.2234,149.729,159.995,159.074,159.981,73.8921,0.603068,8
57.8848,159.267,159.795,159.554,159.958,-72.6241,-0.0369792,91.2234,149.729,159.995,159.074,159.981,73.8921,0.603068,8
57.952,159.267,159.795,159.554,159.695,-72.6241,-0.0369788,91.1228,149.894,159.995,159.074,159.981,73.8756,0.593351,8
57.8824,159.267,159.795,159.554,159.956,-72.6241,-0.0369771,91.5009,150.104,159.995,159.074,159.981,73.8543,0.581056,8
58.0586,159.267,159.795,159.554,159.956,-72.6241,-0.0369783,92.0765,150.433,159.995,159.074,159.981,73.8204,0.561721,8
58.0595,159.267,159.795,159.554,159.956,-72.6241,-0.0369781,92.0765,150.433,159.995,159.074,159.981,73.8204,0.561721,8
58.0595,159.267,159.795,159.554,159.956,-72.6241,-0.0369781,92.0765,150.433,159.995,159.074,159.981,73.8204,0.561721,8
58.0595,159.267,159.795,159.554,159.956,-72.6241,-0.0369781,92.0765,150.433,159.995,159.074,159.981,73.8204,0.561721,8
58.0595,159.267,159.795,159.554,159.956,-72.6241,-0.0369781,92.0765,150.433,159.995,159.074,159.981,73.8204,0.561721,8
58.0595,159.267,159.795,159.554,159.956,-73.0701,-0.0369781,92.2006,150.675,159.995,159.074,159.981,73.795,0.547483,8
58.28,159.267,159.795,159.554,159.956,-72.6241,-0.0369782,92.2813,150.57,159.995,159.074,159.981,73.806,0.551071,8
58.1618,159.267,159.795,159.554,159.956,-72.6241,-0.00317247,92.5828,151.279,159.995,159.074,159.981,73.73,0.512028,8
58.1107,159.267,159.795,159.554,159.956,-72.6241,-0.0369788,92.8099,151.509,159.995,159.074,159.981,73.7046,0.498496,8
58.0875,159.267,159.795,159.554,159.956,-72.6241,-0.0369784,92.8701,151.657,159.995,159.074,159.981,73.6881,0.489809,8
58.0875,159.267,159.795,159.554,159.956,-72.6241,-0.0369784,92.8701,151.657,159.995,159.074,159.981,73.6881,0.489809,8
58.0875,159.267,159.795,159.554,159.956,-72.6241,-0.0369784,92.8701,151.657,159.995,159.074,159.981,73.6881,0.489809,8
58.0875,159.267,159.795,159.554,159.956,-72.6241,-0.0369784,92.8792,151.675,159.995,159.074,159.981,73.6862,0.488799,8
58.0359,159.267,159.795,159.554,159.956,-72.6248,-0.0369792,92.8537,151.673,159.995,159.074,159.981,73.6863,0.488884,8
58.0682,159.267,159.795,159.554,159.956,-72.6005,-0.0369771,92.6946,151.695,159.995,159.074,159.981,73.6839,0.487595,8
58.0464,159.267,159.795,159.554,159.956,-72.6241,-0.0369796,92.6435,151.686,159.995,159.074,159.981,73.6849,0.488136,8
58.0519,159.267,159.795,159.554,159.956,-72.6241,-0.0369796,92.6435,151.686,159.995,159.074,159.981,73.6849,0.488136,8
58.0519,159.267,159.795,159.554,159.956,-72.6241,-0.0369796,92.6435,151.686,159.995,159.074,159.981,73.6849,0.488136,8
58.0519,159.267,159.795,159.554,159.956,-72.6241,-0.0369796,92.6435,151.686,159.995,159.074,159.981,73.6849,0.488136,8
58.0519,159.267,159.795,159.554,159.956,-72.6241,-0.0369796,92.6435,151.686,159.995,159.074,159.981,73.6849,0.488136,8
58.0517,159.267,159.795,159.554,159.956,-72.6241,-0.0369804,92.6173,151.773,159.995,159.074,159.981,73.6751,0.483011,8
58.0063,159.267,159.795,159.554,159.956,-72.6241,-0.03698,93.3587,151.78,159.995,159.074,159.981,73.6743,0.481078,8
58.1977,159.267,159.795,159.554,159.956,-72.6241,-0.0369779,95.0881,152.043,159.354,159.074,159.981,73.6444,0.446491,8
58.287,159.267,159.795,159.554,159.956,-72.6241,-0.0369785,95.1433,151.609,159.465,159.074,159.981,73.6934,0.475435,8
58.287,159.267,159.795,159.554,159.956,-72.6241,-0.0369785,95.1433,151.609,159.465,159.074,159.981,73.6934,0.475435,8
58.287,159.267,159.795,159.554,159.956,-72.6241,-0.0369785,95.1433,151.609,159.465,159.074,159.981,73.6934,0.475435,8
58.287,159.267,159.795,159.554,159.956,-72.6241,-0.0369785,95.1433,151.609,159.465,159.074,159.981,73.6934,0.475435,8
58.287,159.267,159.795,159.554,159.956,-72.6241,-0.0369785,95.5401,151.78,159.361,159.074,159.981,73.6743,0.462117,8
58.3772,159.267,159.795,159.554,159.899,-72.6241,-0.0369798,96.5801,151.65,159.043,159.074,159.981,73.6889,0.459399,8
57.8471,159.267,159.795,159.554,159.99,-72.6241,-0.0369793,96.6864,151.493,159.26,159.074,159.981,73.7064,0.475606,8
57.5145,159.267,159.795,159.554,159.338,-72.6241,-0.0369796,96.4487,151.095,159.406,159.074,159.981,73.7501,0.503643,8
57.5145,159.267,159.795,159.554,159.338,-72.6241,-0.0369796,96.4487,151.095,159.406,159.074,159.981,73.7501,0.503643,8
57.5145,159.267,159.795,159.554,159.338,-72.6241,-0.0369796,96.4487,151.095,159.406,159.074,159.981,73.7501,0.503643,8
57.5145,159.267,159.795,159.554,159.338,-72.6241,-0.0369796,96.4487,151.095,159.406,159.074,159.981,73.7501,0.503643,8
57.5145,159.267,159.795,159.554,159.338,-72.6241,-0.0369796,96.4487,151.095,159.406,159.074,159.981,73.7501,0.503643,8
57.2114,159.267,159.795,159.554,159.991,-72.6241,-0.0369797,96.0824,150.909,159.407,159.074,159.981,73.7701,0.51452,8
57.0635,159.267,159.795,159.554,159.17,-72.3977,-0.0369794,95.6346,150.927,159.61,159.074,159.981,73.7681,0.987348,8
57.4674,159.267,159.795,159.554,159.692,-72.6241,-0.036979,94.7554,150.567,159.871,159.074,159.981,73.8064,0.549783,8
57.8554,159.267,159.795,159.554,159.608,-72.6241,-0.325649,94.0272,150.437,159.958,159.074,159.981,73.82,0.560263,8
58.0913,159.267,159.795,159.554,159.608,-72.6241,-0.0369789,94.0272,150.437,159.958,159.074,159.981,73.82,0.560263,8
58.0913,159.267,159.795,159.554,159.608,-72.6241,-0.0369789,94.0272,150.437,159.958,159.074,159.981,73.82,0.560263,8
56.5286,159.267,159.795,159.554,157.129,-72.6241,-0.0369803,85.2475,145.222,153.441,159.074,159.981,74.2812,0.64283,8
50.674,153.084,159.795,159.554,145.47,-73.5214,-0.399662,74.447,137.232,143.023,159.666,154.181,74.8152,0.720332,8
